PL_NAME,HOSTNAME,EVENT,PROGRAM,STATUS,FACILITY,INSTRUMENT,OBSERVINGMODE,GRATINGGRISM,OBSERVATION_DUR,STARTTIME,ENDTIME,PL_ORBPER,PL_ORBSMAX,PL_RADE,PL_RADJ,PL_BMASSE,PL_BMASSJ,PL_BMASSPROV,PL_DENS,PL_ORBECCEN,PL_INSOL,PL_EQT,PL_ORBINCL,PL_TRANDEP,PL_TRANDUR,ST_TEFF,ST_RAD,ST_MASS,ST_MET,ST_LOGG,RA,DEC,SY_DIST,SY_KMAG,PL_TSM,PL_ESM
WD 1856+534 b,WD 1856+534,Transit,GO 9033,Archived,NASA 6.5m James Webb Space Telescope (JWST),NIRSpec,BOTS,PRISM,3.38,"Sep 26, 2025 03:54:57","Sep 26, 2025 07:20:09",1.4079405,0.0204,10.4,0.92782585,4386.054,13.8,Mass,21.4,0.0,0.181,163.0,88.778,56.65,0.1333,4710.0,0.0131,0.518,,7.915,284.415675,53.5090244,24.7359,15.548,205.0,2.0
LHS 1478 b,LHS 1478,Eclipse,GO 7675,Implementation,NASA 6.5m James Webb Space Telescope (JWST),MIRI,F1500W,N/A,5.35,N/A,N/A,1.94953941,0.01872,1.174,0.10473745,2.27,0.00714222,Mass,7.7,0.038,20.9,597.3,87.69,0.1927,0.7133,3415.0,0.2462,0.2301,-0.38,5.017,44.3388743,76.5514045,18.2276,8.767,15.9,6.2
LHS 1478 b,LHS 1478,Eclipse,GO 7675,Implementation,NASA 6.5m James Webb Space Telescope (JWST),MIRI,LRS,N/A,5.6,N/A,N/A,1.94953941,0.01872,1.174,0.10473745,2.27,0.00714222,Mass,7.7,0.038,20.9,597.3,87.69,0.1927,0.7133,3415.0,0.2462,0.2301,-0.38,5.017,44.3388743,76.5514045,18.2276,8.767,15.9,6.2
LHS 1478 b,LHS 1478,Eclipse,GO 7675,Archived,NASA 6.5m James Webb Space Telescope (JWST),MIRI,LRS,N/A,5.59,"Dec 25, 2025 20:56:35","Dec 26, 2025 02:09:24",1.94953941,0.01872,1.174,0.10473745,2.27,0.00714222,Mass,7.7,0.038,20.9,597.3,87.69,0.1927,0.7133,3415.0,0.2462,0.2301,-0.38,5.017,44.3388743,76.5514045,18.2276,8.767,15.9,6.2
LTT 1445 A b,LTT 1445 A,Transit,GO 7251,Flight Ready,NASA 6.5m James Webb Space Telescope (JWST),NIRCam,GTS,GRISMR+F322W2,5.8,N/A,N/A,5.3587635,0.0381,1.34,0.119547,2.73,0.00858954,Mass,6.2,0.18,5.7,431.0,89.53,0.23,1.366,3562.0,0.271,0.257,-0.34,4.97389,45.4624781,-16.5944956,6.86929,6.496,34.2,5.6
LHS 1140 c,LHS 1140,Transit,GO 7073,Archived,NASA 6.5m James Webb Space Telescope (JWST),NIRISS,SOSS,N/A,6.0,"Jul 26, 2025 01:27:53","Jul 26, 2025 07:19:42",3.77794,0.027,1.272,0.11348043,1.91,0.00600953,Mass,5.1,0.05,5.3,422.0,89.8,0.29,1.13,3096.0,0.2159,0.1844,-0.15,5.041,11.248632,-15.2741085,14.9861,8.821,22.2,3.0
LHS 1478 b,LHS 1478,Eclipse,GO 7675,Archived,NASA 6.5m James Webb Space Telescope (JWST),MIRI,LRS,N/A,5.59,"Dec 23, 2025 21:52:29","Dec 24, 2025 03:21:58",1.94953941,0.01872,1.174,0.10473745,2.27,0.00714222,Mass,7.7,0.038,20.9,597.3,87.69,0.1927,0.7133,3415.0,0.2462,0.2301,-0.38,5.017,44.3388743,76.5514045,18.2276,8.767,15.9,6.2
LHS 1478 b,LHS 1478,Eclipse,GO 7675,Implementation,NASA 6.5m James Webb Space Telescope (JWST),MIRI,LRS,N/A,5.6,N/A,N/A,1.94953941,0.01872,1.174,0.10473745,2.27,0.00714222,Mass,7.7,0.038,20.9,597.3,87.69,0.1927,0.7133,3415.0,0.2462,0.2301,-0.38,5.017,44.3388743,76.5514045,18.2276,8.767,15.9,6.2
LHS 1478 b,LHS 1478,Eclipse,GO 7675,Archived,NASA 6.5m James Webb Space Telescope (JWST),MIRI,F1500W,N/A,5.34,"Jan 31, 2026 21:52:33","Feb 1, 2026 03:05:56",1.94953941,0.01872,1.174,0.10473745,2.27,0.00714222,Mass,7.7,0.038,20.9,597.3,87.69,0.1927,0.7133,3415.0,0.2462,0.2301,-0.38,5.017,44.3388743,76.5514045,18.2276,8.767,15.9,6.2
LHS 1140 b,LHS 1140,Eclipse,DD 12498,Archived,NASA 6.5m James Webb Space Telescope (JWST),MIRI,F1500W,N/A,11.04,"Jul 10, 2026 14:17:09","Jul 11, 2026 00:26:38",24.73723,0.0946,1.73,0.15434053,5.6,0.01761957,Mass,5.9,0.043,0.43,226.0,89.86,0.538,2.15,3096.0,0.2159,0.1844,-0.15,5.041,11.248632,-15.2741085,14.9861,8.821,67.5,0.2
LHS 1140 b,LHS 1140,Eclipse,DD 12498,Archived,NASA 6.5m James Webb Space Telescope (JWST),MIRI,F1500W,N/A,11.04,"Aug 4, 2026 07:35:33","Aug 4, 2026 17:05:17",24.73723,0.0946,1.73,0.15434053,5.6,0.01761957,Mass,5.9,0.043,0.43,226.0,89.86,0.538,2.15,3096.0,0.2159,0.1844,-0.15,5.041,11.248632,-15.2741085,14.9861,8.821,67.5,0.2
TOI-431 b,TOI-431,PhaseC,GO 8864,Archived,NASA 6.5m James Webb Space Telescope (JWST),MIRI,LRS,N/A,22.0,"Mar 7, 2026 16:58:09","Mar 8, 2026 12:36:20",0.490047,0.0113,1.28,0.11419415,3.07,0.0096593,Mass,8.0,0.0,2120.4475,1862.0,84.3,0.029104,1.0123328,4850.0,0.731,0.78,0.2,4.6,83.2692502,-26.7238698,32.5686,6.723,15.6,15.6
TOI-431 d,TOI-431,Transit,GO 8004,Archived,NASA 6.5m James Webb Space Telescope (JWST),NIRSpec,BOTS,G395H,10.57,"Jan 29, 2026 03:13:33","Jan 29, 2026 13:01:05",12.46103,0.098,3.29,0.29351465,9.9,0.03114888,Mass,1.36,0.0,28.3588,633.0,89.7,0.20781426,3.3195777,4850.0,0.731,0.78,0.2,4.6,83.2692502,-26.7238698,32.5686,6.723,41.3,10.9
TOI-431 d,TOI-431,Transit,GO 8004,Flight Ready,NASA 6.5m James Webb Space Telescope (JWST),NIRSpec,BOTS,G395H,10.59,N/A,N/A,12.46103,0.098,3.29,0.29351465,9.9,0.03114888,Mass,1.36,0.0,28.3588,633.0,89.7,0.20781426,3.3195777,4850.0,0.731,0.78,0.2,4.6,83.2692502,-26.7238698,32.5686,6.723,41.3,10.9
LHS 1140 b,LHS 1140,Transit,GO 7073,Archived,NASA 6.5m James Webb Space Telescope (JWST),NIRSpec,BOTS,G395M,6.82,"Dec 12, 2025 09:21:46","Dec 12, 2025 15:54:47",24.73723,0.0946,1.73,0.15434053,5.6,0.01761957,Mass,5.9,0.043,0.43,226.0,89.86,0.538,2.15,3096.0,0.2159,0.1844,-0.15,5.041,11.248632,-15.2741085,14.9861,8.821,67.5,0.2
LHS 1140 b,LHS 1140,Eclipse,DD 12498,Implementation,NASA 6.5m James Webb Space Telescope (JWST),MIRI,F1500W,N/A,11.24,N/A,N/A,24.73723,0.0946,1.73,0.15434053,5.6,0.01761957,Mass,5.9,0.043,0.43,226.0,89.86,0.538,2.15,3096.0,0.2159,0.1844,-0.15,5.041,11.248632,-15.2741085,14.9861,8.821,67.5,0.2
LHS 1140 b,LHS 1140,Transit,GO 7073,Archived,NASA 6.5m James Webb Space Telescope (JWST),NIRSpec,BOTS,G395M,6.82,"Jul 16, 2025 23:11:12","Jul 17, 2025 05:44:15",24.73723,0.0946,1.73,0.15434053,5.6,0.01761957,Mass,5.9,0.043,0.43,226.0,89.86,0.538,2.15,3096.0,0.2159,0.1844,-0.15,5.041,11.248632,-15.2741085,14.9861,8.821,67.5,0.2
LHS 3844 b,LHS 3844,Eclipse,GO 7953,Archived,NASA 6.5m James Webb Space Telescope (JWST),NIRSpec,BOTS,G395H,4.63,"Oct 4, 2025 10:12:00","Oct 4, 2025 14:39:19",0.462929709,0.00624,1.286,0.11472943,2.37,0.00745685,Mass,6.15,0.0,73.67,816.0,88.9,0.0696,0.5242,3080.0,0.189,0.151,0.22,5.07,340.4962038,-69.1721081,14.8846,9.145001,38.1,28.6
LHS 3844 b,LHS 3844,Eclipse,GO 7953,Archived,NASA 6.5m James Webb Space Telescope (JWST),MIRI,LRS,N/A,4.59,"Oct 3, 2025 00:58:42","Oct 3, 2025 05:13:55",0.462929709,0.00624,1.286,0.11472943,2.37,0.00745685,Mass,6.15,0.0,73.67,816.0,88.9,0.0696,0.5242,3080.0,0.189,0.151,0.22,5.07,340.4962038,-69.1721081,14.8846,9.145001,38.1,28.6
LHS 3844 b,LHS 3844,Eclipse,GO 7953,Archived,NASA 6.5m James Webb Space Telescope (JWST),MIRI,LRS,N/A,4.59,"Sep 29, 2025 19:43:48","Sep 29, 2025 23:41:31",0.462929709,0.00624,1.286,0.11472943,2.37,0.00745685,Mass,6.15,0.0,73.67,816.0,88.9,0.0696,0.5242,3080.0,0.189,0.151,0.22,5.07,340.4962038,-69.1721081,14.8846,9.145001,38.1,28.6
LHS 3844 b,LHS 3844,Eclipse,GO 7953,Archived,NASA 6.5m James Webb Space Telescope (JWST),MIRI,LRS,N/A,4.59,"Oct 1, 2025 16:01:40","Oct 1, 2025 19:53:43",0.462929709,0.00624,1.286,0.11472943,2.37,0.00745685,Mass,6.15,0.0,73.67,816.0,88.9,0.0696,0.5242,3080.0,0.189,0.151,0.22,5.07,340.4962038,-69.1721081,14.8846,9.145001,38.1,28.6
LHS 3844 b,LHS 3844,Eclipse,GO 7953,Archived,NASA 6.5m James Webb Space Telescope (JWST),MIRI,LRS,N/A,4.59,"Aug 16, 2025 08:12:10","Aug 16, 2025 12:49:23",0.462929709,0.00624,1.286,0.11472943,2.37,0.00745685,Mass,6.15,0.0,73.67,816.0,88.9,0.0696,0.5242,3080.0,0.189,0.151,0.22,5.07,340.4962038,-69.1721081,14.8846,9.145001,38.1,28.6
TOI-677 b,TOI-677,Transit,GO 9025,Archived,NASA 6.5m James Webb Space Telescope (JWST),NIRSpec,BOTS,G395H,8.73,"May 16, 2026 02:50:09","May 16, 2026 11:00:47",11.2365985,0.1041,13.11450742,1.17,392.20025424,1.234,Mass,0.955,0.46,37.6345,1252.0,85.77,0.9414,2.535,6295.0,1.28,1.181,0.0,4.291,144.1193594,-50.4630933,141.812,8.429,91.0,91.9
TOI-677 b,TOI-677,Transit,GO 9025,Archived,NASA 6.5m James Webb Space Telescope (JWST),NIRSpec,BOTS,G395H,8.73,"Mar 20, 2026 22:24:35","Mar 21, 2026 06:35:23",11.2365985,0.1041,13.11450742,1.17,392.20025424,1.234,Mass,0.955,0.46,37.6345,1252.0,85.77,0.9414,2.535,6295.0,1.28,1.181,0.0,4.291,144.1193594,-50.4630933,141.812,8.429,91.0,91.9
TOI-6894 b,TOI-6894,Transit,GO 8696,Archived,NASA 6.5m James Webb Space Telescope (JWST),NIRSpec,BOTS,PRISM,6.79,"Jan 10, 2026 21:54:01","Jan 11, 2026 04:25:36",3.37077196,0.02604,9.5836785,0.855,53.39517238,0.168,Mass,0.334,0.029,5.54,417.9,89.58,16.65899107,1.422,3007.0,0.2276,0.207,0.142,5.039,173.4691418,12.4510906,73.8131,12.207,355.0,32.3
LHS 3844 b,LHS 3844,Eclipse,GO 7953,Archived,NASA 6.5m James Webb Space Telescope (JWST),MIRI,LRS,N/A,4.59,"Sep 30, 2025 06:29:41","Sep 30, 2025 10:33:48",0.462929709,0.00624,1.286,0.11472943,2.37,0.00745685,Mass,6.15,0.0,73.67,816.0,88.9,0.0696,0.5242,3080.0,0.189,0.151,0.22,5.07,340.4962038,-69.1721081,14.8846,9.145001,38.1,28.6
LHS 3844 b,LHS 3844,Eclipse,GO 7953,Archived,NASA 6.5m James Webb Space Telescope (JWST),MIRI,LRS,N/A,4.59,"Jul 10, 2025 07:22:35","Jul 10, 2025 11:59:55",0.462929709,0.00624,1.286,0.11472943,2.37,0.00745685,Mass,6.15,0.0,73.67,816.0,88.9,0.0696,0.5242,3080.0,0.189,0.151,0.22,5.07,340.4962038,-69.1721081,14.8846,9.145001,38.1,28.6
LHS 3844 b,LHS 3844,Eclipse,GO 7953,Archived,NASA 6.5m James Webb Space Telescope (JWST),MIRI,LRS,N/A,4.59,"Oct 2, 2025 02:41:24","Oct 2, 2025 07:00:31",0.462929709,0.00624,1.286,0.11472943,2.37,0.00745685,Mass,6.15,0.0,73.67,816.0,88.9,0.0696,0.5242,3080.0,0.189,0.151,0.22,5.07,340.4962038,-69.1721081,14.8846,9.145001,38.1,28.6
LHS 3844 b,LHS 3844,Eclipse,GO 7953,Archived,NASA 6.5m James Webb Space Telescope (JWST),MIRI,LRS,N/A,4.59,"Oct 15, 2025 23:42:55","Oct 16, 2025 04:20:11",0.462929709,0.00624,1.286,0.11472943,2.37,0.00745685,Mass,6.15,0.0,73.67,816.0,88.9,0.0696,0.5242,3080.0,0.189,0.151,0.22,5.07,340.4962038,-69.1721081,14.8846,9.145001,38.1,28.6
TRAPPIST-1 b,TRAPPIST-1,Transit,GO 9256,Archived,NASA 6.5m James Webb Space Telescope (JWST),NIRSpec,BOTS,PRISM,11.34,"Nov 23, 2025 05:56:29","Nov 23, 2025 15:59:28",1.510826,0.01154,1.116,0.09956302,1.374,0.00432309,Mass,5.441939,0.00622,4.153,397.6,89.728,0.7378,0.601,2566.0,0.1192,0.0898,0.052,5.2396,346.6263919,-5.0434618,12.42988881,10.296,28.8,3.9
TRAPPIST-1 e,TRAPPIST-1,Transit,GO 9256,Archived,NASA 6.5m James Webb Space Telescope (JWST),NIRSpec,BOTS,PRISM,11.34,"Nov 23, 2025 05:56:29","Nov 23, 2025 15:59:28",6.101013,0.02925,0.92,0.08207704,0.692,0.00217728,Mass,4.901605,0.0051,0.646,249.7,89.793,0.5012,0.9293,2566.0,0.1192,0.0898,0.052,5.2396,346.6263919,-5.0434618,12.42988881,10.296,20.1,0.2
TRAPPIST-1 b,TRAPPIST-1,Transit,GO 9256,Archived,NASA 6.5m James Webb Space Telescope (JWST),NIRSpec,BOTS,PRISM,10.91,"Jul 17, 2025 23:03:52","Jul 18, 2025 09:08:24",1.510826,0.01154,1.116,0.09956302,1.374,0.00432309,Mass,5.441939,0.00622,4.153,397.6,89.728,0.7378,0.601,2566.0,0.1192,0.0898,0.052,5.2396,346.6263919,-5.0434618,12.42988881,10.296,28.8,3.9
TRAPPIST-1 e,TRAPPIST-1,Transit,GO 9256,Archived,NASA 6.5m James Webb Space Telescope (JWST),NIRSpec,BOTS,PRISM,10.91,"Jul 17, 2025 23:03:52","Jul 18, 2025 09:08:24",6.101013,0.02925,0.92,0.08207704,0.692,0.00217728,Mass,4.901605,0.0051,0.646,249.7,89.793,0.5012,0.9293,2566.0,0.1192,0.0898,0.052,5.2396,346.6263919,-5.0434618,12.42988881,10.296,20.1,0.2
TRAPPIST-1 b,TRAPPIST-1,Transit,GO 9256,Archived,NASA 6.5m James Webb Space Telescope (JWST),NIRSpec,BOTS,PRISM,15.28,"Oct 29, 2025 19:34:48","Oct 30, 2025 09:25:40",1.510826,0.01154,1.116,0.09956302,1.374,0.00432309,Mass,5.441939,0.00622,4.153,397.6,89.728,0.7378,0.601,2566.0,0.1192,0.0898,0.052,5.2396,346.6263919,-5.0434618,12.42988881,10.296,28.8,3.9
TRAPPIST-1 e,TRAPPIST-1,Transit,GO 9256,Archived,NASA 6.5m James Webb Space Telescope (JWST),NIRSpec,BOTS,PRISM,15.28,"Oct 29, 2025 19:34:48","Oct 30, 2025 09:25:40",6.101013,0.02925,0.92,0.08207704,0.692,0.00217728,Mass,4.901605,0.0051,0.646,249.7,89.793,0.5012,0.9293,2566.0,0.1192,0.0898,0.052,5.2396,346.6263919,-5.0434618,12.42988881,10.296,20.1,0.2
LTT 1445 A b,LTT 1445 A,Transit,GO 7251,Flight Ready,NASA 6.5m James Webb Space Telescope (JWST),NIRCam,GTS,GRISMR+F444W,5.74,N/A,N/A,5.3587635,0.0381,1.34,0.119547,2.73,0.00858954,Mass,6.2,0.18,5.7,431.0,89.53,0.23,1.366,3562.0,0.271,0.257,-0.34,4.97389,45.4624781,-16.5944956,6.86929,6.496,34.2,5.6
LTT 1445 A b,LTT 1445 A,Transit,GO 7251,Flight Ready,NASA 6.5m James Webb Space Telescope (JWST),NIRCam,GTS,GRISMR+F322W2,5.8,N/A,N/A,5.3587635,0.0381,1.34,0.119547,2.73,0.00858954,Mass,6.2,0.18,5.7,431.0,89.53,0.23,1.366,3562.0,0.271,0.257,-0.34,4.97389,45.4624781,-16.5944956,6.86929,6.496,34.2,5.6
LTT 1445 A b,LTT 1445 A,Transit,GO 7251,Flight Ready,NASA 6.5m James Webb Space Telescope (JWST),NIRCam,GTS,GRISMR+F444W,5.74,N/A,N/A,5.3587635,0.0381,1.34,0.119547,2.73,0.00858954,Mass,6.2,0.18,5.7,431.0,89.53,0.23,1.366,3562.0,0.271,0.257,-0.34,4.97389,45.4624781,-16.5944956,6.86929,6.496,34.2,5.6
LTT 1445 A b,LTT 1445 A,Transit,GO 7073,Archived,NASA 6.5m James Webb Space Telescope (JWST),NIRISS,SOSS,N/A,6.22,"Jan 30, 2026 00:05:58","Jan 30, 2026 05:34:55",5.3587635,0.0381,1.34,0.119547,2.73,0.00858954,Mass,6.2,0.18,5.7,431.0,89.53,0.23,1.366,3562.0,0.271,0.257,-0.34,4.97389,45.4624781,-16.5944956,6.86929,6.496,34.2,5.6
LP 890-9 c,LP 890-9,Transit,GO 7073,Flight Ready,NASA 6.5m James Webb Space Telescope (JWST),NIRSpec,BOTS,PRISM,5.6,N/A,N/A,8.457463,0.03984,1.367,0.12195578,25.3,0.0796027,Mass,,,0.906,272.0,89.287,0.6659,0.9593,2850.0,0.1556,0.118,-0.028,5.126,64.1309096,-28.3157909,32.4298,11.344,0.8,0.2
LP 890-9 c,LP 890-9,Transit,GO 7073,Archived,NASA 6.5m James Webb Space Telescope (JWST),NIRSpec,BOTS,PRISM,5.58,"Nov 21, 2025 02:17:07","Nov 21, 2025 07:46:09",8.457463,0.03984,1.367,0.12195578,25.3,0.0796027,Mass,,,0.906,272.0,89.287,0.6659,0.9593,2850.0,0.1556,0.118,-0.028,5.126,64.1309096,-28.3157909,32.4298,11.344,0.8,0.2
LP 890-9 c,LP 890-9,Transit,GO 7073,Archived,NASA 6.5m James Webb Space Telescope (JWST),NIRSpec,BOTS,PRISM,5.6,"Aug 18, 2026 17:42:09","Aug 18, 2026 23:11:21",8.457463,0.03984,1.367,0.12195578,25.3,0.0796027,Mass,,,0.906,272.0,89.287,0.6659,0.9593,2850.0,0.1556,0.118,-0.028,5.126,64.1309096,-28.3157909,32.4298,11.344,0.8,0.2
LP 890-9 c,LP 890-9,Transit,GO 7073,Archived,NASA 6.5m James Webb Space Telescope (JWST),NIRSpec,BOTS,PRISM,5.6,"Aug 27, 2026 04:40:07","Aug 27, 2026 10:09:16",8.457463,0.03984,1.367,0.12195578,25.3,0.0796027,Mass,,,0.906,272.0,89.287,0.6659,0.9593,2850.0,0.1556,0.118,-0.028,5.126,64.1309096,-28.3157909,32.4298,11.344,0.8,0.2
LP 890-9 c,LP 890-9,Transit,GO 7073,Archived,NASA 6.5m James Webb Space Telescope (JWST),NIRSpec,BOTS,PRISM,5.58,"Dec 24, 2025 22:17:08","Dec 25, 2025 03:42:13",8.457463,0.03984,1.367,0.12195578,25.3,0.0796027,Mass,,,0.906,272.0,89.287,0.6659,0.9593,2850.0,0.1556,0.118,-0.028,5.126,64.1309096,-28.3157909,32.4298,11.344,0.8,0.2
LP 890-9 c,LP 890-9,Transit,GO 7073,Archived,NASA 6.5m James Webb Space Telescope (JWST),NIRSpec,BOTS,PRISM,5.58,"Jan 19, 2026 07:11:26","Jan 19, 2026 12:40:18",8.457463,0.03984,1.367,0.12195578,25.3,0.0796027,Mass,,,0.906,272.0,89.287,0.6659,0.9593,2850.0,0.1556,0.118,-0.028,5.126,64.1309096,-28.3157909,32.4298,11.344,0.8,0.2
LP 890-9 c,LP 890-9,Transit,GO 7073,Archived,NASA 6.5m James Webb Space Telescope (JWST),NIRSpec,BOTS,PRISM,5.58,"Jan 27, 2026 18:56:26","Jan 27, 2026 23:39:49",8.457463,0.03984,1.367,0.12195578,25.3,0.0796027,Mass,,,0.906,272.0,89.287,0.6659,0.9593,2850.0,0.1556,0.118,-0.028,5.126,64.1309096,-28.3157909,32.4298,11.344,0.8,0.2
LP 890-9 c,LP 890-9,Transit,GO 7073,Archived,NASA 6.5m James Webb Space Telescope (JWST),NIRSpec,BOTS,PRISM,5.58,"Nov 4, 2025 04:21:02","Nov 4, 2025 09:48:41",8.457463,0.03984,1.367,0.12195578,25.3,0.0796027,Mass,,,0.906,272.0,89.287,0.6659,0.9593,2850.0,0.1556,0.118,-0.028,5.126,64.1309096,-28.3157909,32.4298,11.344,0.8,0.2
LP 890-9 c,LP 890-9,Transit,GO 7073,Archived,NASA 6.5m James Webb Space Telescope (JWST),NIRSpec,BOTS,PRISM,5.58,"Feb 13, 2026 16:10:03","Feb 13, 2026 21:39:04",8.457463,0.03984,1.367,0.12195578,25.3,0.0796027,Mass,,,0.906,272.0,89.287,0.6659,0.9593,2850.0,0.1556,0.118,-0.028,5.126,64.1309096,-28.3157909,32.4298,11.344,0.8,0.2
LP 890-9 c,LP 890-9,Transit,GO 7073,Scheduled,NASA 6.5m James Webb Space Telescope (JWST),NIRSpec,BOTS,PRISM,5.6,"Sep 30, 2026 01:58:35","Sep 30, 2026 04:46:22",8.457463,0.03984,1.367,0.12195578,25.3,0.0796027,Mass,,,0.906,272.0,89.287,0.6659,0.9593,2850.0,0.1556,0.118,-0.028,5.126,64.1309096,-28.3157909,32.4298,11.344,0.8,0.2
LP 890-9 c,LP 890-9,Transit,GO 7073,Archived,NASA 6.5m James Webb Space Telescope (JWST),NIRSpec,BOTS,PRISM,5.58,"Oct 26, 2025 17:26:28","Oct 26, 2025 22:50:09",8.457463,0.03984,1.367,0.12195578,25.3,0.0796027,Mass,,,0.906,272.0,89.287,0.6659,0.9593,2850.0,0.1556,0.118,-0.028,5.126,64.1309096,-28.3157909,32.4298,11.344,0.8,0.2
HATS-72 b,HATS-72,Transit,GO 7849,Archived,NASA 6.5m James Webb Space Telescope (JWST),MIRI,LRS,N/A,10.04,"Jun 2, 2026 22:08:10","Jun 3, 2026 07:26:15",7.3279474,0.066517,8.0973816,0.7224,39.855882,0.1254,Mass,0.411,0.013,49.58,739.3,89.56,1.371,3.08472,4656.1,0.7214,0.7311,0.099,4.5853,339.0258401,-17.0003046,127.589,9.764,179.0,27.0
TOI-199 b,TOI-199,Transit,GO 7188,Archived,NASA 6.5m James Webb Space Telescope (JWST),NIRSpec,BOTS,G395H,17.41,"Nov 2, 2025 22:31:21","Nov 3, 2025 13:55:25",104.854,0.4254,9.07927437,0.81,54.03082919,0.17,Mass,0.397,0.09,8.5419,325.0,90.0,1.18501557,6.6885919,5255.0,0.82,0.936,0.22,4.582,80.1058735,-59.8954326,102.27,8.814,105.0,1.6
TOI-199 b,TOI-199,Transit,GO 7188,Archived,NASA 6.5m James Webb Space Telescope (JWST),NIRSpec,BOTS,G395H,17.41,"Feb 15, 2026 19:10:17","Feb 16, 2026 10:50:57",104.854,0.4254,9.07927437,0.81,54.03082919,0.17,Mass,0.397,0.09,8.5419,325.0,90.0,1.18501557,6.6885919,5255.0,0.82,0.936,0.22,4.582,80.1058735,-59.8954326,102.27,8.814,105.0,1.6
TOI-1801 b,TOI-1801,Transit,GO 6932,Archived,NASA 6.5m James Webb Space Telescope (JWST),NIRSpec,BOTS,G395H,7.84,"Dec 22, 2025 14:27:06","Dec 22, 2025 21:53:22",10.64387,0.075,2.079,0.186,5.738,0.01805377,Mass,3.701,0.0,10.7276,493.7,89.507,0.124,2.6991119,3863.0,0.547,0.556,-0.19,4.78,175.5755995,23.0270335,30.6796,7.805,60.7,2.8
TOI-1801 b,TOI-1801,Transit,GO 6932,Archived,NASA 6.5m James Webb Space Telescope (JWST),NIRSpec,BOTS,G395H,7.84,"May 31, 2026 07:12:15","May 31, 2026 14:21:36",10.64387,0.075,2.079,0.186,5.738,0.01805377,Mass,3.701,0.0,10.7276,493.7,89.507,0.124,2.6991119,3863.0,0.547,0.556,-0.19,4.78,175.5755995,23.0270335,30.6796,7.805,60.7,2.8
TOI-2031 A b,TOI-2031 A,Transit,GO 9025,Archived,NASA 6.5m James Webb Space Telescope (JWST),NIRSpec,BOTS,G395H,10.28,"Sep 18, 2025 23:04:25","Sep 19, 2025 08:16:22",5.71548654,0.066,14.20177855,1.267,254.2627256,0.8,Mass,0.49,0.076,567.0,1358.0,88.32,1.101,4.027,6490.0,1.241,1.174,-0.24,4.32,331.1178077,81.5659509,276.105,9.971,98.9,63.0
TOI-1801 b,TOI-1801,Transit,GO 6932,Archived,NASA 6.5m James Webb Space Telescope (JWST),NIRISS,SOSS,N/A,7.89,"May 10, 2026 00:05:00","May 10, 2026 07:21:18",10.64387,0.075,2.079,0.186,5.738,0.01805377,Mass,3.701,0.0,10.7276,493.7,89.507,0.124,2.6991119,3863.0,0.547,0.556,-0.19,4.78,175.5755995,23.0270335,30.6796,7.805,60.7,2.8
TOI-1801 b,TOI-1801,Transit,GO 6932,Archived,NASA 6.5m James Webb Space Telescope (JWST),NIRISS,SOSS,N/A,7.89,"Jan 12, 2026 21:38:33","Jan 13, 2026 04:55:55",10.64387,0.075,2.079,0.186,5.738,0.01805377,Mass,3.701,0.0,10.7276,493.7,89.507,0.124,2.6991119,3863.0,0.547,0.556,-0.19,4.78,175.5755995,23.0270335,30.6796,7.805,60.7,2.8
TOI-1801 b,TOI-1801,Transit,GO 6932,Archived,NASA 6.5m James Webb Space Telescope (JWST),NIRISS,SOSS,N/A,7.89,"Jan 23, 2026 13:16:32","Jan 23, 2026 20:45:06",10.64387,0.075,2.079,0.186,5.738,0.01805377,Mass,3.701,0.0,10.7276,493.7,89.507,0.124,2.6991119,3863.0,0.547,0.556,-0.19,4.78,175.5755995,23.0270335,30.6796,7.805,60.7,2.8
TOI-1807 b,TOI-1807,PhaseC,GO 8864,Archived,NASA 6.5m James Webb Space Telescope (JWST),MIRI,LRS,N/A,23.94,"May 19, 2026 21:35:43","May 20, 2026 18:53:40",0.54937097,0.0122,1.49681583,0.13353719,2.44,0.0076771,Mass,3.98,0.0,1407.22,1694.1,77.7,0.037,0.9772115,4914.0,0.746,0.8048,0.044,4.598,201.2826259,38.9223671,42.5775,7.568,19.0,11.8
TOI-771 b,TOI-771,Eclipse,DD 12656,Archived,NASA 6.5m James Webb Space Telescope (JWST),MIRI,F1500W,N/A,6.64,"Jun 21, 2026 21:50:23","Jun 22, 2026 04:12:35",2.3260155,0.0208,1.36,0.12133128,2.47,0.00777149,Mass,5.4,0.055,14.0,543.0,89.3,0.32797891,0.96,3370.0,0.232,0.22,-0.13,4.8,164.1138903,-72.9851736,25.2788,9.664,15.5,4.7
TOI-771 b,TOI-771,Eclipse,DD 12656,Archived,NASA 6.5m James Webb Space Telescope (JWST),MIRI,F1500W,N/A,6.4,"Jun 5, 2026 15:16:07","Jun 5, 2026 21:26:31",2.3260155,0.0208,1.36,0.12133128,2.47,0.00777149,Mass,5.4,0.055,14.0,543.0,89.3,0.32797891,0.96,3370.0,0.232,0.22,-0.13,4.8,164.1138903,-72.9851736,25.2788,9.664,15.5,4.7
TOI-771 b,TOI-771,Eclipse,DD 12656,Archived,NASA 6.5m James Webb Space Telescope (JWST),MIRI,F1500W,N/A,6.42,"Jun 12, 2026 15:32:53","Jun 12, 2026 21:31:23",2.3260155,0.0208,1.36,0.12133128,2.47,0.00777149,Mass,5.4,0.055,14.0,543.0,89.3,0.32797891,0.96,3370.0,0.232,0.22,-0.13,4.8,164.1138903,-72.9851736,25.2788,9.664,15.5,4.7
TOI-674 b,TOI-674,Transit,GO 9095,Archived,NASA 6.5m James Webb Space Telescope (JWST),MIRI,LRS,N/A,4.81,"Jun 29, 2026 23:12:15","Jun 30, 2026 03:43:26",1.977143,0.025,5.25,0.46837443,23.6,0.0742539,Mass,0.91,0.0,38.4,635.0,87.21,1.3877306,1.1104153,3514.0,0.42,0.42,0.17,4.81,164.5865592,-36.8581092,46.0851,9.469,215.0,35.8
TOI-674 b,TOI-674,Transit,GO 9095,Archived,NASA 6.5m James Webb Space Telescope (JWST),MIRI,LRS,N/A,4.8,"Jan 6, 2026 22:28:26","Jan 7, 2026 03:16:27",1.977143,0.025,5.25,0.46837443,23.6,0.0742539,Mass,0.91,0.0,38.4,635.0,87.21,1.3877306,1.1104153,3514.0,0.42,0.42,0.17,4.81,164.5865592,-36.8581092,46.0851,9.469,215.0,35.8
TOI-674 b,TOI-674,Transit,GO 9095,Archived,NASA 6.5m James Webb Space Telescope (JWST),MIRI,LRS,N/A,4.81,"Jun 4, 2026 06:00:04","Jun 4, 2026 10:48:14",1.977143,0.025,5.25,0.46837443,23.6,0.0742539,Mass,0.91,0.0,38.4,635.0,87.21,1.3877306,1.1104153,3514.0,0.42,0.42,0.17,4.81,164.5865592,-36.8581092,46.0851,9.469,215.0,35.8
TOI-674 b,TOI-674,Transit,GO 9095,Archived,NASA 6.5m James Webb Space Telescope (JWST),MIRI,LRS,N/A,4.81,"Jun 14, 2026 03:51:58","Jun 14, 2026 08:04:51",1.977143,0.025,5.25,0.46837443,23.6,0.0742539,Mass,0.91,0.0,38.4,635.0,87.21,1.3877306,1.1104153,3514.0,0.42,0.42,0.17,4.81,164.5865592,-36.8581092,46.0851,9.469,215.0,35.8
LHS 1140 b,LHS 1140,Eclipse,DD 12498,Implementation,NASA 6.5m James Webb Space Telescope (JWST),MIRI,F1500W,N/A,11.86,N/A,N/A,24.73723,0.0946,1.73,0.15434053,5.6,0.01761957,Mass,5.9,0.043,0.43,226.0,89.86,0.538,2.15,3096.0,0.2159,0.1844,-0.15,5.041,11.248632,-15.2741085,14.9861,8.821,67.5,0.2
TOI-5205 b,TOI-5205,Eclipse,GO 7683,Flight Ready,NASA 6.5m James Webb Space Telescope (JWST),MIRI,LRS,N/A,11.23,N/A,N/A,1.630757,0.0199,11.6,1.03,343.0,1.08,Mass,1.21,0.02,49.0,737.0,88.21,6.805,1.4,3430.0,0.394,0.392,0.0,4.84,313.7706819,24.360977,86.4493,11.006,102.0,153.0
TOI-5205 b,TOI-5205,Eclipse,GO 7683,Flight Ready,NASA 6.5m James Webb Space Telescope (JWST),MIRI,LRS,N/A,11.23,N/A,N/A,1.630757,0.0199,11.6,1.03,343.0,1.08,Mass,1.21,0.02,49.0,737.0,88.21,6.805,1.4,3430.0,0.394,0.392,0.0,4.84,313.7706819,24.360977,86.4493,11.006,102.0,153.0
LHS 1140 b,LHS 1140,Eclipse,DD 12498,On Hold (Inactive),NASA 6.5m James Webb Space Telescope (JWST),MIRI,F1500W,N/A,12.06,N/A,N/A,24.73723,0.0946,1.73,0.15434053,5.6,0.01761957,Mass,5.9,0.043,0.43,226.0,89.86,0.538,2.15,3096.0,0.2159,0.1844,-0.15,5.041,11.248632,-15.2741085,14.9861,8.821,67.5,0.2
LHS 1140 b,LHS 1140,Transit,GO 7073,Archived,NASA 6.5m James Webb Space Telescope (JWST),NIRSpec,BOTS,G395M,6.84,"Jun 28, 2026 06:55:58","Jun 28, 2026 13:29:16",24.73723,0.0946,1.73,0.15434053,5.6,0.01761957,Mass,5.9,0.043,0.43,226.0,89.86,0.538,2.15,3096.0,0.2159,0.1844,-0.15,5.041,11.248632,-15.2741085,14.9861,8.821,67.5,0.2
LHS 1140 b,LHS 1140,Transit,GO 7073,Archived,NASA 6.5m James Webb Space Telescope (JWST),NIRISS,SOSS,N/A,7.05,"Jul 23, 2026 00:29:03","Jul 23, 2026 07:14:04",24.73723,0.0946,1.73,0.15434053,5.6,0.01761957,Mass,5.9,0.043,0.43,226.0,89.86,0.538,2.15,3096.0,0.2159,0.1844,-0.15,5.041,11.248632,-15.2741085,14.9861,8.821,67.5,0.2
LHS 1140 b,LHS 1140,Eclipse,DD 12498,Implementation,NASA 6.5m James Webb Space Telescope (JWST),MIRI,F1500W,N/A,11.04,N/A,N/A,24.73723,0.0946,1.73,0.15434053,5.6,0.01761957,Mass,5.9,0.043,0.43,226.0,89.86,0.538,2.15,3096.0,0.2159,0.1844,-0.15,5.041,11.248632,-15.2741085,14.9861,8.821,67.5,0.2
LHS 1140 b,LHS 1140,Transit,GO 7073,Flight Ready,NASA 6.5m James Webb Space Telescope (JWST),NIRISS,SOSS,N/A,7.05,N/A,N/A,24.73723,0.0946,1.73,0.15434053,5.6,0.01761957,Mass,5.9,0.043,0.43,226.0,89.86,0.538,2.15,3096.0,0.2159,0.1844,-0.15,5.041,11.248632,-15.2741085,14.9861,8.821,67.5,0.2
LHS 1140 b,LHS 1140,Eclipse,DD 12498,On Hold (Inactive),NASA 6.5m James Webb Space Telescope (JWST),MIRI,F1500W,N/A,21.8,N/A,N/A,24.73723,0.0946,1.73,0.15434053,5.6,0.01761957,Mass,5.9,0.043,0.43,226.0,89.86,0.538,2.15,3096.0,0.2159,0.1844,-0.15,5.041,11.248632,-15.2741085,14.9861,8.821,67.5,0.2
LHS 1140 b,LHS 1140,Eclipse,DD 12498,Implementation,NASA 6.5m James Webb Space Telescope (JWST),MIRI,F1500W,N/A,11.56,N/A,N/A,24.73723,0.0946,1.73,0.15434053,5.6,0.01761957,Mass,5.9,0.043,0.43,226.0,89.86,0.538,2.15,3096.0,0.2159,0.1844,-0.15,5.041,11.248632,-15.2741085,14.9861,8.821,67.5,0.2
LP 890-9 b,LP 890-9,Transit,GO 7073,Archived,NASA 6.5m James Webb Space Telescope (JWST),NIRSpec,BOTS,PRISM,5.45,"Aug 17, 2025 22:24:14","Aug 18, 2025 03:46:22",2.7299025,0.01875,1.32,0.11776272,13.2,0.04153184,Mass,,,4.09,396.0,89.67,0.6238,0.8457,2850.0,0.1556,0.118,-0.028,5.126,64.1309096,-28.3157909,32.4298,11.344,1.9,1.7
LP 890-9 b,LP 890-9,Transit,GO 7073,Archived,NASA 6.5m James Webb Space Telescope (JWST),NIRSpec,BOTS,PRISM,5.45,"Aug 31, 2025 14:05:18","Aug 31, 2025 19:20:16",2.7299025,0.01875,1.32,0.11776272,13.2,0.04153184,Mass,,,4.09,396.0,89.67,0.6238,0.8457,2850.0,0.1556,0.118,-0.028,5.126,64.1309096,-28.3157909,32.4298,11.344,1.9,1.7
LP 890-9 b,LP 890-9,Transit,GO 7073,Archived,NASA 6.5m James Webb Space Telescope (JWST),NIRSpec,BOTS,PRISM,5.45,"Aug 23, 2025 09:58:37","Aug 23, 2025 14:47:53",2.7299025,0.01875,1.32,0.11776272,13.2,0.04153184,Mass,,,4.09,396.0,89.67,0.6238,0.8457,2850.0,0.1556,0.118,-0.028,5.126,64.1309096,-28.3157909,32.4298,11.344,1.9,1.7
LP 890-9 b,LP 890-9,Transit,GO 7073,Archived,NASA 6.5m James Webb Space Telescope (JWST),NIRSpec,BOTS,PRISM,5.45,"Sep 25, 2025 03:35:43","Sep 25, 2025 08:57:48",2.7299025,0.01875,1.32,0.11776272,13.2,0.04153184,Mass,,,4.09,396.0,89.67,0.6238,0.8457,2850.0,0.1556,0.118,-0.028,5.126,64.1309096,-28.3157909,32.4298,11.344,1.9,1.7
LP 890-9 b,LP 890-9,Transit,GO 7073,Archived,NASA 6.5m James Webb Space Telescope (JWST),NIRSpec,BOTS,PRISM,5.45,"Aug 12, 2025 11:22:36","Aug 12, 2025 16:44:45",2.7299025,0.01875,1.32,0.11776272,13.2,0.04153184,Mass,,,4.09,396.0,89.67,0.6238,0.8457,2850.0,0.1556,0.118,-0.028,5.126,64.1309096,-28.3157909,32.4298,11.344,1.9,1.7
LP 890-9 b,LP 890-9,Transit,GO 7073,Archived,NASA 6.5m James Webb Space Telescope (JWST),NIRSpec,BOTS,PRISM,5.45,"Sep 14, 2025 05:47:22","Sep 14, 2025 10:54:24",2.7299025,0.01875,1.32,0.11776272,13.2,0.04153184,Mass,,,4.09,396.0,89.67,0.6238,0.8457,2850.0,0.1556,0.118,-0.028,5.126,64.1309096,-28.3157909,32.4298,11.344,1.9,1.7
Kepler-12 b,Kepler-12,Transit,GO 7849,Archived,NASA 6.5m James Webb Space Telescope (JWST),MIRI,LRS,N/A,13.36,"Jul 26, 2026 09:05:13","Jul 26, 2026 21:15:39",4.4379629,0.0553,19.660586,1.754,137.30256,0.432,Mass,0.11,0.0,877.539,1480.0,88.796,1.67211,4.69813,5947.0,1.483,1.166,0.07,4.175,286.2434458,50.0403671,881.386,12.066,141.0,41.4
Kepler-12 b,Kepler-12,Transit,GO 7849,Failed - Archived,NASA 6.5m James Webb Space Telescope (JWST),MIRI,LRS,N/A,13.36,"Jun 16, 2026 10:29:50","Jun 16, 2026 14:52:51",4.4379629,0.0553,19.660586,1.754,137.30256,0.432,Mass,0.11,0.0,877.539,1480.0,88.796,1.67211,4.69813,5947.0,1.483,1.166,0.07,4.175,286.2434458,50.0403671,881.386,12.066,141.0,41.4
Kepler-12 b,Kepler-12,Transit,GO 7849,Archived,NASA 6.5m James Webb Space Telescope (JWST),MIRI,LRS,N/A,13.36,"Jun 12, 2026 00:13:28","Jun 12, 2026 12:09:43",4.4379629,0.0553,19.660586,1.754,137.30256,0.432,Mass,0.11,0.0,877.539,1480.0,88.796,1.67211,4.69813,5947.0,1.483,1.166,0.07,4.175,286.2434458,50.0403671,881.386,12.066,141.0,41.4
TOI-771 b,TOI-771,Eclipse,DD 12656,Archived,NASA 6.5m James Webb Space Telescope (JWST),MIRI,F1500W,N/A,6.39,"Aug 2, 2026 19:20:22","Aug 3, 2026 01:05:53",2.3260155,0.0208,1.36,0.12133128,2.47,0.00777149,Mass,5.4,0.055,14.0,543.0,89.3,0.32797891,0.96,3370.0,0.232,0.22,-0.13,4.8,164.1138903,-72.9851736,25.2788,9.664,15.5,4.7
TOI-1670 c,TOI-1670,Transit,GO 7982,Flight Ready,NASA 6.5m James Webb Space Telescope (JWST),NIRSpec,BOTS,G235M,13.55,N/A,N/A,40.74976,0.249,11.06326395,0.987,200.23189641,0.63,Mass,0.81,0.09,14.5514,684.0,88.84,0.6026,5.4,6170.0,1.316,1.21,0.09,4.29,259.0172522,72.1611806,168.067,8.724,49.4,14.2
TOI-1420 b,TOI-1420,Transit,GO 9101,Implementation,NASA 6.5m James Webb Space Telescope (JWST),NIRISS,SOSS,N/A,10.32,N/A,N/A,6.9561063,0.071,11.89,1.06075658,25.1,0.07897343,Mass,0.082,0.17,139.0,957.0,88.58,1.396,3.372,5510.0,0.923,0.987,0.28,4.502,322.9418092,66.3490054,201.918,10.119,669.0,45.5
LP 890-9 b,LP 890-9,Transit,GO 7073,Archived,NASA 6.5m James Webb Space Telescope (JWST),NIRSpec,BOTS,PRISM,5.45,"Sep 11, 2025 12:18:10","Sep 11, 2025 17:23:37",2.7299025,0.01875,1.32,0.11776272,13.2,0.04153184,Mass,,,4.09,396.0,89.67,0.6238,0.8457,2850.0,0.1556,0.118,-0.028,5.126,64.1309096,-28.3157909,32.4298,11.344,1.9,1.7
LP 890-9 b,LP 890-9,Transit,GO 7073,Archived,NASA 6.5m James Webb Space Telescope (JWST),NIRSpec,BOTS,PRISM,5.45,"Sep 16, 2025 23:03:10","Sep 17, 2025 04:25:29",2.7299025,0.01875,1.32,0.11776272,13.2,0.04153184,Mass,,,4.09,396.0,89.67,0.6238,0.8457,2850.0,0.1556,0.118,-0.028,5.126,64.1309096,-28.3157909,32.4298,11.344,1.9,1.7
TOI-1420 b,TOI-1420,Transit,GO 9101,Flight Ready,NASA 6.5m James Webb Space Telescope (JWST),MIRI,LRS,N/A,10.92,N/A,N/A,6.9561063,0.071,11.89,1.06075658,25.1,0.07897343,Mass,0.082,0.17,139.0,957.0,88.58,1.396,3.372,5510.0,0.923,0.987,0.28,4.502,322.9418092,66.3490054,201.918,10.119,669.0,45.5
TOI-1420 b,TOI-1420,Transit,GO 9101,Flight Ready,NASA 6.5m James Webb Space Telescope (JWST),NIRSpec,BOTS,G235M,9.81,N/A,N/A,6.9561063,0.071,11.89,1.06075658,25.1,0.07897343,Mass,0.082,0.17,139.0,957.0,88.58,1.396,3.372,5510.0,0.923,0.987,0.28,4.502,322.9418092,66.3490054,201.918,10.119,669.0,45.5
HAT-P-13 b,HAT-P-13,Transit,GO 8233,Archived,NASA 6.5m James Webb Space Telescope (JWST),NIRISS,SOSS,N/A,9.81,"Mar 14, 2026 06:21:58","Mar 14, 2026 15:30:40",2.91625,0.04383,14.258,1.272,270.462,0.851,Mass,0.340833,0.0133,1978.5245,1740.0,83.4,0.72577025,3.28681,5653.0,1.756,1.32,0.46,4.07,129.8823772,47.3519076,246.81,8.975,94.8,89.3
WASP-127 b,WASP-127,Transit,GO 9101,Archived,NASA 6.5m James Webb Space Telescope (JWST),MIRI,LRS,N/A,13.54,"May 6, 2026 22:41:43","May 7, 2026 11:01:56",4.17806203,0.0484,14.694999,1.311,52.346601,0.1647,Mass,0.097,0.0,703.971,1400.0,87.84,1.021,4.35288,5620.0,1.333,0.95,-0.193,4.18,160.5587646,-3.8349989,159.507,8.641,834.0,135.0
HD 86226 c,HD 86226,Transit,GO 7407,Implementation,NASA 6.5m James Webb Space Telescope (JWST),MIRI,LRS,N/A,10.37,N/A,N/A,3.98442,0.049,2.16,0.19270229,7.25,0.02281094,Mass,3.97,0.075,647.901,1311.0,86.45,0.0445,3.12,5863.0,1.053,1.019,0.018,4.4,149.1235154,-24.0991859,45.683,6.463,88.8,10.8
HD 86226 c,HD 86226,Transit,GO 7407,Implementation,NASA 6.5m James Webb Space Telescope (JWST),NIRCam,GTS,GRISMR+F444W,10.48,N/A,N/A,3.98442,0.049,2.16,0.19270229,7.25,0.02281094,Mass,3.97,0.075,647.901,1311.0,86.45,0.0445,3.12,5863.0,1.053,1.019,0.018,4.4,149.1235154,-24.0991859,45.683,6.463,88.8,10.8
HD 86226 c,HD 86226,Transit,GO 7407,Implementation,NASA 6.5m James Webb Space Telescope (JWST),NIRCam,GTS,GRISMR+F322W2,10.54,N/A,N/A,3.98442,0.049,2.16,0.19270229,7.25,0.02281094,Mass,3.97,0.075,647.901,1311.0,86.45,0.0445,3.12,5863.0,1.053,1.019,0.018,4.4,149.1235154,-24.0991859,45.683,6.463,88.8,10.8
HIP 9618 b,HIP 9618,Transit,GO 8004,Archived,NASA 6.5m James Webb Space Telescope (JWST),NIRSpec,BOTS,G395H,14.13,"Sep 8, 2025 23:12:49","Sep 9, 2025 11:54:02",20.772858,0.145,3.82838127,0.34154589,8.3,0.02611472,Mass,0.81,0.0,40.3,640.88,,0.1415,4.9427299,5649.0,0.9593,0.942,-0.018,4.445,30.9050061,21.2813274,67.5478,7.559,34.3,5.0
HIP 9618 b,HIP 9618,Transit,GO 8004,Archived,NASA 6.5m James Webb Space Telescope (JWST),NIRSpec,BOTS,G395H,14.13,"Jan 11, 2026 14:22:27","Jan 12, 2026 03:13:44",20.772858,0.145,3.82838127,0.34154589,8.3,0.02611472,Mass,0.81,0.0,40.3,640.88,,0.1415,4.9427299,5649.0,0.9593,0.942,-0.018,4.445,30.9050061,21.2813274,67.5478,7.559,34.3,5.0
K2-232 b,K2-232,Transit,GO 9025,Flight Ready,NASA 6.5m James Webb Space Telescope (JWST),NIRSpec,BOTS,G395H,13.87,N/A,N/A,11.1684377,0.1016,11.62371299,1.037,135.71272979,0.427,Mass,0.405,0.245,312.155,1001.0,89.83,0.966,5.0186,6100.0,1.21,1.121,0.106,4.322,73.7667927,18.654323,130.72,8.434,163.0,53.7
KELT-9 b,KELT-9,PhaseC,GO 7255,Flight Ready,NASA 6.5m James Webb Space Telescope (JWST),NIRISS,SOSS,N/A,24.91,N/A,N/A,1.4811235,0.03368,21.70058664,1.936,915.34581216,2.88,Mass,0.491,0.0,44900.0,3921.0,86.79,0.67885145,4.1588291,9270.0,2.418,2.32,0.07,4.037,307.8598998,39.9389161,204.455,7.482,278.0,380.0
KELT-9 b,KELT-9,PhaseC,GO 7255,Flight Ready,NASA 6.5m James Webb Space Telescope (JWST),NIRISS,SOSS,N/A,27.25,N/A,N/A,1.4811235,0.03368,21.70058664,1.936,915.34581216,2.88,Mass,0.491,0.0,44900.0,3921.0,86.79,0.67885145,4.1588291,9270.0,2.418,2.32,0.07,4.037,307.8598998,39.9389161,204.455,7.482,278.0,380.0
TRAPPIST-1 b,TRAPPIST-1,Transit,GO 9256,Archived,NASA 6.5m James Webb Space Telescope (JWST),NIRSpec,BOTS,PRISM,7.75,"Nov 17, 2025 05:11:08","Nov 17, 2025 12:16:30",1.510826,0.01154,1.116,0.09956302,1.374,0.00432309,Mass,5.441939,0.00622,4.153,397.6,89.728,0.7378,0.601,2566.0,0.1192,0.0898,0.052,5.2396,346.6263919,-5.0434618,12.42988881,10.296,28.8,3.9
TRAPPIST-1 e,TRAPPIST-1,Transit,GO 9256,Archived,NASA 6.5m James Webb Space Telescope (JWST),NIRSpec,BOTS,PRISM,7.75,"Nov 17, 2025 05:11:08","Nov 17, 2025 12:16:30",6.101013,0.02925,0.92,0.08207704,0.692,0.00217728,Mass,4.901605,0.0051,0.646,249.7,89.793,0.5012,0.9293,2566.0,0.1192,0.0898,0.052,5.2396,346.6263919,-5.0434618,12.42988881,10.296,20.1,0.2
TRAPPIST-1 b,TRAPPIST-1,Transit,GO 9256,Withdrawn,NASA 6.5m James Webb Space Telescope (JWST),NIRSpec,BOTS,PRISM,7.08,N/A,N/A,1.510826,0.01154,1.116,0.09956302,1.374,0.00432309,Mass,5.441939,0.00622,4.153,397.6,89.728,0.7378,0.601,2566.0,0.1192,0.0898,0.052,5.2396,346.6263919,-5.0434618,12.42988881,10.296,28.8,3.9
TRAPPIST-1 e,TRAPPIST-1,Transit,GO 9256,Withdrawn,NASA 6.5m James Webb Space Telescope (JWST),NIRSpec,BOTS,PRISM,7.08,N/A,N/A,6.101013,0.02925,0.92,0.08207704,0.692,0.00217728,Mass,4.901605,0.0051,0.646,249.7,89.793,0.5012,0.9293,2566.0,0.1192,0.0898,0.052,5.2396,346.6263919,-5.0434618,12.42988881,10.296,20.1,0.2
IRAS 04125+2902 b,IRAS 04125+2902,Transit,GO 8597,Implementation,NASA 6.5m James Webb Space Telescope (JWST),NIRSpec,BOTS,G395M,20.14,N/A,N/A,8.834978,0.077,10.73820351,0.958,80.8,0.254,M-R relationship,0.359,,41.4199,854.0,88.3,0.61322553,5.995,4080.0,1.45,0.7,,3.84689,63.9283394,29.166542,159.244,9.376,51.6,23.6
TRAPPIST-1 b,TRAPPIST-1,Transit,GO 9256,Archived,NASA 6.5m James Webb Space Telescope (JWST),NIRSpec,BOTS,PRISM,9.33,"Jul 11, 2025 22:21:02","Jul 12, 2025 06:43:39",1.510826,0.01154,1.116,0.09956302,1.374,0.00432309,Mass,5.441939,0.00622,4.153,397.6,89.728,0.7378,0.601,2566.0,0.1192,0.0898,0.052,5.2396,346.6263919,-5.0434618,12.42988881,10.296,28.8,3.9
TRAPPIST-1 e,TRAPPIST-1,Transit,GO 9256,Archived,NASA 6.5m James Webb Space Telescope (JWST),NIRSpec,BOTS,PRISM,9.33,"Jul 11, 2025 22:21:02","Jul 12, 2025 06:43:39",6.101013,0.02925,0.92,0.08207704,0.692,0.00217728,Mass,4.901605,0.0051,0.646,249.7,89.793,0.5012,0.9293,2566.0,0.1192,0.0898,0.052,5.2396,346.6263919,-5.0434618,12.42988881,10.296,20.1,0.2
TRAPPIST-1 b,TRAPPIST-1,Transit,GO 9256,Archived,NASA 6.5m James Webb Space Telescope (JWST),NIRSpec,BOTS,PRISM,10.6,"Jun 6, 2026 06:45:45","Jun 6, 2026 16:33:53",1.510826,0.01154,1.116,0.09956302,1.374,0.00432309,Mass,5.441939,0.00622,4.153,397.6,89.728,0.7378,0.601,2566.0,0.1192,0.0898,0.052,5.2396,346.6263919,-5.0434618,12.42988881,10.296,28.8,3.9
TRAPPIST-1 e,TRAPPIST-1,Transit,GO 9256,Archived,NASA 6.5m James Webb Space Telescope (JWST),NIRSpec,BOTS,PRISM,10.6,"Jun 6, 2026 06:45:45","Jun 6, 2026 16:33:53",6.101013,0.02925,0.92,0.08207704,0.692,0.00217728,Mass,4.901605,0.0051,0.646,249.7,89.793,0.5012,0.9293,2566.0,0.1192,0.0898,0.052,5.2396,346.6263919,-5.0434618,12.42988881,10.296,20.1,0.2
TRAPPIST-1 b,TRAPPIST-1,Transit,DD 12492,Archived,NASA 6.5m James Webb Space Telescope (JWST),NIRSpec,BOTS,PRISM,22.64,"Dec 11, 2025 08:08:10","Dec 12, 2025 04:19:49",1.510826,0.01154,1.116,0.09956302,1.374,0.00432309,Mass,5.441939,0.00622,4.153,397.6,89.728,0.7378,0.601,2566.0,0.1192,0.0898,0.052,5.2396,346.6263919,-5.0434618,12.42988881,10.296,28.8,3.9
TRAPPIST-1 e,TRAPPIST-1,Transit,DD 12492,Archived,NASA 6.5m James Webb Space Telescope (JWST),NIRSpec,BOTS,PRISM,22.64,"Dec 11, 2025 08:08:10","Dec 12, 2025 04:19:49",6.101013,0.02925,0.92,0.08207704,0.692,0.00217728,Mass,4.901605,0.0051,0.646,249.7,89.793,0.5012,0.9293,2566.0,0.1192,0.0898,0.052,5.2396,346.6263919,-5.0434618,12.42988881,10.296,20.1,0.2
TRAPPIST-1 b,TRAPPIST-1,Transit,GO 9256,Archived,NASA 6.5m James Webb Space Telescope (JWST),NIRSpec,BOTS,PRISM,10.92,"Nov 5, 2025 00:37:44","Nov 5, 2025 10:12:13",1.510826,0.01154,1.116,0.09956302,1.374,0.00432309,Mass,5.441939,0.00622,4.153,397.6,89.728,0.7378,0.601,2566.0,0.1192,0.0898,0.052,5.2396,346.6263919,-5.0434618,12.42988881,10.296,28.8,3.9
TRAPPIST-1 e,TRAPPIST-1,Transit,GO 9256,Archived,NASA 6.5m James Webb Space Telescope (JWST),NIRSpec,BOTS,PRISM,10.92,"Nov 5, 2025 00:37:44","Nov 5, 2025 10:12:13",6.101013,0.02925,0.92,0.08207704,0.692,0.00217728,Mass,4.901605,0.0051,0.646,249.7,89.793,0.5012,0.9293,2566.0,0.1192,0.0898,0.052,5.2396,346.6263919,-5.0434618,12.42988881,10.296,20.1,0.2
TRAPPIST-1 b,TRAPPIST-1,Transit,GO 9256,Archived,NASA 6.5m James Webb Space Telescope (JWST),NIRSpec,BOTS,PRISM,6.18,"Jun 29, 2025 20:02:09","Jun 30, 2025 01:56:23",1.510826,0.01154,1.116,0.09956302,1.374,0.00432309,Mass,5.441939,0.00622,4.153,397.6,89.728,0.7378,0.601,2566.0,0.1192,0.0898,0.052,5.2396,346.6263919,-5.0434618,12.42988881,10.296,28.8,3.9
TRAPPIST-1 e,TRAPPIST-1,Transit,GO 9256,Archived,NASA 6.5m James Webb Space Telescope (JWST),NIRSpec,BOTS,PRISM,6.18,"Jun 29, 2025 20:02:09","Jun 30, 2025 01:56:23",6.101013,0.02925,0.92,0.08207704,0.692,0.00217728,Mass,4.901605,0.0051,0.646,249.7,89.793,0.5012,0.9293,2566.0,0.1192,0.0898,0.052,5.2396,346.6263919,-5.0434618,12.42988881,10.296,20.1,0.2
IRAS 04125+2902 b,IRAS 04125+2902,Transit,GO 8597,Implementation,NASA 6.5m James Webb Space Telescope (JWST),NIRISS,SOSS,N/A,20.57,N/A,N/A,8.834978,0.077,10.73820351,0.958,80.8,0.254,M-R relationship,0.359,,41.4199,854.0,88.3,0.61322553,5.995,4080.0,1.45,0.7,,3.84689,63.9283394,29.166542,159.244,9.376,51.6,23.6
LP 890-9 c,LP 890-9,Transit,GO 7073,Archived,NASA 6.5m James Webb Space Telescope (JWST),NIRSpec,BOTS,PRISM,5.6,"Aug 10, 2026 06:51:24","Aug 10, 2026 12:20:32",8.457463,0.03984,1.367,0.12195578,25.3,0.0796027,Mass,,,0.906,272.0,89.287,0.6659,0.9593,2850.0,0.1556,0.118,-0.028,5.126,64.1309096,-28.3157909,32.4298,11.344,0.8,0.2
LP 890-9 c,LP 890-9,Transit,GO 7073,Archived,NASA 6.5m James Webb Space Telescope (JWST),NIRSpec,BOTS,PRISM,5.58,"Jan 2, 2026 09:12:35","Jan 2, 2026 14:41:32",8.457463,0.03984,1.367,0.12195578,25.3,0.0796027,Mass,,,0.906,272.0,89.287,0.6659,0.9593,2850.0,0.1556,0.118,-0.028,5.126,64.1309096,-28.3157909,32.4298,11.344,0.8,0.2
LP 890-9 c,LP 890-9,Transit,GO 7073,Archived,NASA 6.5m James Webb Space Telescope (JWST),NIRSpec,BOTS,PRISM,5.58,"Oct 1, 2025 08:48:41","Oct 1, 2025 13:55:15",8.457463,0.03984,1.367,0.12195578,25.3,0.0796027,Mass,,,0.906,272.0,89.287,0.6659,0.9593,2850.0,0.1556,0.118,-0.028,5.126,64.1309096,-28.3157909,32.4298,11.344,0.8,0.2
TOI-1670 c,TOI-1670,Transit,GO 7982,Flight Ready,NASA 6.5m James Webb Space Telescope (JWST),NIRSpec,BOTS,G395M,13.55,N/A,N/A,40.74976,0.249,11.06326395,0.987,200.23189641,0.63,Mass,0.81,0.09,14.5514,684.0,88.84,0.6026,5.4,6170.0,1.316,1.21,0.09,4.29,259.0172522,72.1611806,168.067,8.724,49.4,14.2
WASP-39 b,WASP-39,Transit,GO 8017,Archived,NASA 6.5m James Webb Space Telescope (JWST),NIRSpec,BOTS,G140H,9.23,"Aug 2, 2025 20:31:47","Aug 3, 2025 05:09:21",4.0552941,0.04828,14.336311,1.279,89.31023,0.281,Mass,0.167,0.0,316.269,1166.0,87.32,2.34348052,2.8032,5485.0,0.939,0.913,0.01,4.453,217.3266477,-3.4444994,213.982,10.202,370.0,92.6
TOI-6255 b,TOI-6255,PhaseC,GO 8864,Archived,NASA 6.5m James Webb Space Telescope (JWST),MIRI,LRS,N/A,13.61,"Jul 28, 2026 18:43:58","Jul 29, 2026 07:07:03",0.23818244,,1.079,0.0962621,1.44,0.00453075,Mass,6.3,0.0,588.9944,1256.46,74.4,0.04939764,0.4763536,3421.0,0.37,0.353,-0.14,4.85,331.5031606,39.2988284,20.3167,8.071,25.1,18.6
KELT-20 b,KELT-20,Eclipse,GO 6978,Archived,NASA 6.5m James Webb Space Telescope (JWST),NIRSpec,BOTS,G395H,16.8,"Oct 19, 2025 15:59:09","Oct 20, 2025 06:34:30",3.4741085,0.0542,19.514869,1.741,1074.90106,3.382,Mass,0.806,0.0,4362.5,2262.0,86.12,1.309,3.57552,8720.0,1.565,1.76,-0.29,4.29,294.6614126,31.2192001,136.426,7.415,240.0,390.0
TOI-674 b,TOI-674,Transit,GO 9095,Archived,NASA 6.5m James Webb Space Telescope (JWST),NIRISS,SOSS,N/A,4.99,"May 9, 2026 13:48:57","May 9, 2026 18:12:19",1.977143,0.025,5.25,0.46837443,23.6,0.0742539,Mass,0.91,0.0,38.4,635.0,87.21,1.3877306,1.1104153,3514.0,0.42,0.42,0.17,4.81,164.5865592,-36.8581092,46.0851,9.469,215.0,35.8
LP 890-9 c,LP 890-9,Transit,GO 7073,Archived,NASA 6.5m James Webb Space Telescope (JWST),NIRSpec,BOTS,PRISM,5.58,"Aug 20, 2025 01:36:09","Aug 20, 2025 07:05:07",8.457463,0.03984,1.367,0.12195578,25.3,0.0796027,Mass,,,0.906,272.0,89.287,0.6659,0.9593,2850.0,0.1556,0.118,-0.028,5.126,64.1309096,-28.3157909,32.4298,11.344,0.8,0.2
WASP-17 b,WASP-17,Transit,GO 8309,Archived,NASA 6.5m James Webb Space Telescope (JWST),MIRI,LRS,N/A,12.77,"Jul 31, 2026 09:05:38","Jul 31, 2026 20:24:59",3.73543,0.0515,20.96083,1.87,247.9074,0.78,Mass,0.082,0.0,1292.19,1755.0,86.63,1.7,4.4232,6550.0,1.49,2.28,-0.25,4.2,239.9622479,-28.0617941,405.908,10.224,267.0,129.0
WASP-17 b,WASP-17,Transit,GO 8309,Archived,NASA 6.5m James Webb Space Telescope (JWST),MIRI,LRS,N/A,12.77,"Jul 27, 2026 15:28:16","Jul 28, 2026 02:45:29",3.73543,0.0515,20.96083,1.87,247.9074,0.78,Mass,0.082,0.0,1292.19,1755.0,86.63,1.7,4.4232,6550.0,1.49,2.28,-0.25,4.2,239.9622479,-28.0617941,405.908,10.224,267.0,129.0
WASP-193 b,WASP-193,Transit,GO 9101,Archived,NASA 6.5m James Webb Space Telescope (JWST),MIRI,LRS,N/A,13.36,"Feb 14, 2026 04:00:00","Feb 14, 2026 16:10:42",6.2463475,0.0668,14.78464554,1.319,35.59678158,0.112,Mass,0.06,0.081,402.0,1250.0,89.25,1.248,4.2559,6080.0,1.213,1.018,-0.108,4.28,164.3491401,-29.9971229,362.087,10.745,572.0,46.4
WASP-193 b,WASP-193,Transit,GO 9101,Archived,NASA 6.5m James Webb Space Telescope (JWST),NIRSpec,BOTS,G140H,12.24,"May 25, 2026 03:27:21","May 25, 2026 14:40:39",6.2463475,0.0668,14.78464554,1.319,35.59678158,0.112,Mass,0.06,0.081,402.0,1250.0,89.25,1.248,4.2559,6080.0,1.213,1.018,-0.108,4.28,164.3491401,-29.9971229,362.087,10.745,572.0,46.4
TOI-2260 b,TOI-2260,PhaseC,GO 8864,Archived,NASA 6.5m James Webb Space Telescope (JWST),MIRI,LRS,N/A,27.41,"Jun 9, 2026 02:28:27","Jun 10, 2026 02:45:16",0.3524728,0.0097,1.62,0.14452697,3.26,0.0102,M-R relationship,4.21,,1844.98,2609.0,,0.0305,0.578,5534.0,0.94,0.99,0.22,4.62,247.6669998,49.0467891,101.251,8.684,73.3,8.6
TOI-1801 b,TOI-1801,Transit,GO 6932,Archived,NASA 6.5m James Webb Space Telescope (JWST),NIRSpec,BOTS,G395H,7.84,"Apr 18, 2026 17:00:47","Apr 19, 2026 00:27:10",10.64387,0.075,2.079,0.186,5.738,0.01805377,Mass,3.701,0.0,10.7276,493.7,89.507,0.124,2.6991119,3863.0,0.547,0.556,-0.19,4.78,175.5755995,23.0270335,30.6796,7.805,60.7,2.8
LHS 1140 c,LHS 1140,Transit,GO 7073,Archived,NASA 6.5m James Webb Space Telescope (JWST),NIRSpec,BOTS,G395M,5.79,"Nov 12, 2025 15:53:21","Nov 12, 2025 20:38:21",3.77794,0.027,1.272,0.11348043,1.91,0.00600953,Mass,5.1,0.05,5.3,422.0,89.8,0.29,1.13,3096.0,0.2159,0.1844,-0.15,5.041,11.248632,-15.2741085,14.9861,8.821,22.2,3.0
LHS 1140 c,LHS 1140,Transit,GO 7073,Archived,NASA 6.5m James Webb Space Telescope (JWST),NIRSpec,BOTS,G395M,5.81,"Aug 4, 2026 02:03:23","Aug 4, 2026 07:35:29",3.77794,0.027,1.272,0.11348043,1.91,0.00600953,Mass,5.1,0.05,5.3,422.0,89.8,0.29,1.13,3096.0,0.2159,0.1844,-0.15,5.041,11.248632,-15.2741085,14.9861,8.821,22.2,3.0
TOI-2431 b,TOI-2431,PhaseC,GO 8864,Archived,NASA 6.5m James Webb Space Telescope (JWST),MIRI,LRS,N/A,13.56,"Aug 5, 2026 03:01:40","Aug 5, 2026 15:22:05",0.22419578,0.0063,1.534,0.13685455,6.2,0.01950738,Mass,9.4,0.0,2649.15,2063.0,74.0,0.054,0.292,4109.0,0.651,0.661,-0.02,4.68,37.7652989,8.3816255,36.0559,7.554,76.1,27.7
TOI-2109 b,TOI-2109,PhaseC,GO 8877,Archived,NASA 6.5m James Webb Space Telescope (JWST),NIRSpec,BOTS,G395H,25.82,"Aug 14, 2025 22:09:34","Aug 15, 2025 21:05:41",0.67247414,0.01791,15.098497,1.347,1595.49860314,5.02,Mass,2.55,,17880.9883,3646.0,70.74,0.6651,1.9474931,6540.0,1.698,1.453,0.068,4.139,253.1862971,16.5799153,262.041,9.07,41.7,243.0
LHS 1140 b,LHS 1140,Eclipse,DD 12498,Implementation,NASA 6.5m James Webb Space Telescope (JWST),MIRI,F1500W,N/A,11.57,N/A,N/A,24.73723,0.0946,1.73,0.15434053,5.6,0.01761957,Mass,5.9,0.043,0.43,226.0,89.86,0.538,2.15,3096.0,0.2159,0.1844,-0.15,5.041,11.248632,-15.2741085,14.9861,8.821,67.5,0.2
LHS 1140 b,LHS 1140,Transit,GO 7073,Archived,NASA 6.5m James Webb Space Telescope (JWST),NIRISS,SOSS,N/A,7.04,"Aug 10, 2025 16:44:26","Aug 10, 2025 23:29:27",24.73723,0.0946,1.73,0.15434053,5.6,0.01761957,Mass,5.9,0.043,0.43,226.0,89.86,0.538,2.15,3096.0,0.2159,0.1844,-0.15,5.041,11.248632,-15.2741085,14.9861,8.821,67.5,0.2
LHS 1478 b,LHS 1478,Eclipse,GO 7675,Implementation,NASA 6.5m James Webb Space Telescope (JWST),MIRI,LRS,N/A,5.6,N/A,N/A,1.94953941,0.01872,1.174,0.10473745,2.27,0.00714222,Mass,7.7,0.038,20.9,597.3,87.69,0.1927,0.7133,3415.0,0.2462,0.2301,-0.38,5.017,44.3388743,76.5514045,18.2276,8.767,15.9,6.2
HAT-P-32 b,HAT-P-32,Transit,GO 7849,Archived,NASA 6.5m James Webb Space Telescope (JWST),MIRI,LRS,N/A,9.51,"Feb 2, 2026 22:43:38","Feb 3, 2026 07:34:54",2.1500082,0.03397,22.19382,1.98,216.1244,0.68,Mass,0.108,0.159,1841.0,1835.7,88.98,2.216,3.12048,6001.0,1.367,1.132,-0.16,4.22,31.0427614,46.6878512,289.205,9.99,509.0,227.0
HAT-P-13 b,HAT-P-13,Transit,GO 8233,Archived,NASA 6.5m James Webb Space Telescope (JWST),NIRSpec,BOTS,G395M,9.57,"Mar 28, 2026 20:31:46","Mar 29, 2026 05:27:08",2.91625,0.04383,14.258,1.272,270.462,0.851,Mass,0.340833,0.0133,1978.5245,1740.0,83.4,0.72577025,3.28681,5653.0,1.756,1.32,0.46,4.07,129.8823772,47.3519076,246.81,8.975,94.8,89.3
WASP-17 b,WASP-17,Eclipse,GO 8309,Archived,NASA 6.5m James Webb Space Telescope (JWST),MIRI,LRS,N/A,12.77,"Aug 13, 2026 10:59:57","Aug 13, 2026 22:13:42",3.73543,0.0515,20.96083,1.87,247.9074,0.78,Mass,0.082,0.0,1292.19,1755.0,86.63,1.7,4.4232,6550.0,1.49,2.28,-0.25,4.2,239.9622479,-28.0617941,405.908,10.224,267.0,129.0
LTT 1445 A b,LTT 1445 A,Transit,GO 7251,Flight Ready,NASA 6.5m James Webb Space Telescope (JWST),NIRCam,GTS,GRISMR+F444W,5.74,N/A,N/A,5.3587635,0.0381,1.34,0.119547,2.73,0.00858954,Mass,6.2,0.18,5.7,431.0,89.53,0.23,1.366,3562.0,0.271,0.257,-0.34,4.97389,45.4624781,-16.5944956,6.86929,6.496,34.2,5.6
LTT 1445 A b,LTT 1445 A,Transit,GO 7251,Flight Ready,NASA 6.5m James Webb Space Telescope (JWST),NIRCam,GTS,GRISMR+F444W,5.74,N/A,N/A,5.3587635,0.0381,1.34,0.119547,2.73,0.00858954,Mass,6.2,0.18,5.7,431.0,89.53,0.23,1.366,3562.0,0.271,0.257,-0.34,4.97389,45.4624781,-16.5944956,6.86929,6.496,34.2,5.6
WASP-39 b,WASP-39,Transit,GO 8017,Archived,NASA 6.5m James Webb Space Telescope (JWST),NIRSpec,BOTS,G235H,9.24,"Jun 15, 2026 03:55:17","Jun 15, 2026 12:32:37",4.0552941,0.04828,14.336311,1.279,89.31023,0.281,Mass,0.167,0.0,316.269,1166.0,87.32,2.34348052,2.8032,5485.0,0.939,0.913,0.01,4.453,217.3266477,-3.4444994,213.982,10.202,370.0,92.6
WASP-193 b,WASP-193,Transit,GO 9101,Archived,NASA 6.5m James Webb Space Telescope (JWST),NIRSpec,BOTS,G395M,12.21,"Apr 23, 2026 21:50:54","Apr 24, 2026 09:02:37",6.2463475,0.0668,14.78464554,1.319,35.59678158,0.112,Mass,0.06,0.081,402.0,1250.0,89.25,1.248,4.2559,6080.0,1.213,1.018,-0.108,4.28,164.3491401,-29.9971229,362.087,10.745,572.0,46.4
NGTS-11 b,NGTS-11,Transit,GO 7982,Flight Ready,NASA 6.5m James Webb Space Telescope (JWST),NIRSpec,BOTS,G395M,9.33,N/A,N/A,35.45533,0.201,9.157753,0.817,109.33352,0.344,Mass,0.78,0.13,9.242,435.0,89.16,0.989,3.59,5050.0,0.832,0.862,0.22,4.5,23.5214497,-14.4191493,190.422,10.315,34.2,3.2
NGTS-11 b,NGTS-11,Transit,GO 7982,Archived,NASA 6.5m James Webb Space Telescope (JWST),NIRISS,SOSS,N/A,9.78,"Aug 9, 2026 21:40:43","Aug 10, 2026 06:46:44",35.45533,0.201,9.157753,0.817,109.33352,0.344,Mass,0.78,0.13,9.242,435.0,89.16,0.989,3.59,5050.0,0.832,0.862,0.22,4.5,23.5214497,-14.4191493,190.422,10.315,34.2,3.2
BD+05 4868 A b,BD+05 4868 A,PhaseC,GO 8739,Archived,NASA 6.5m James Webb Space Telescope (JWST),MIRI,LRS,N/A,43.66,"Oct 9, 2025 10:14:40","Oct 11, 2025 00:35:54",1.271869,0.0208,,,6.2,0.01950738,Mass,,,443.787,1820.0,,1.4,,4596.0,0.69,0.7,-0.05,4.6,326.8614036,6.6053185,43.5687,7.448,,
LTT 1445 A c,LTT 1445 A,Transit,GO 7073,Archived,NASA 6.5m James Webb Space Telescope (JWST),NIRISS,SOSS,N/A,5.22,"Jan 20, 2026 23:50:40","Jan 21, 2026 05:01:28",3.1239035,0.02661,1.147,0.10232866,1.54,0.00484538,Mass,5.57,0.223,10.9,508.0,87.43,0.157,0.482,3340.0,0.265,0.257,-0.34,4.97389,45.4624781,-16.5944956,6.86929,6.496,46.8,8.8
LTT 1445 A c,LTT 1445 A,Transit,GO 7073,Archived,NASA 6.5m James Webb Space Telescope (JWST),NIRISS,SOSS,N/A,5.22,"Jan 27, 2026 06:14:25","Jan 27, 2026 10:59:06",3.1239035,0.02661,1.147,0.10232866,1.54,0.00484538,Mass,5.57,0.223,10.9,508.0,87.43,0.157,0.482,3340.0,0.265,0.257,-0.34,4.97389,45.4624781,-16.5944956,6.86929,6.496,46.8,8.8
WD 1856+534 b,WD 1856+534,Transit,GO 9033,Archived,NASA 6.5m James Webb Space Telescope (JWST),MIRI,LRS,N/A,3.46,"Sep 5, 2025 00:49:17","Sep 5, 2025 04:28:31",1.4079405,0.0204,10.4,0.92782585,4386.054,13.8,Mass,21.4,0.0,0.181,163.0,88.778,56.65,0.1333,4710.0,0.0131,0.518,,7.915,284.415675,53.5090244,24.7359,15.548,205.0,2.0
WD 1856+534 b,WD 1856+534,Transit,GO 9033,Archived,NASA 6.5m James Webb Space Telescope (JWST),MIRI,LRS,N/A,3.46,"Sep 13, 2025 11:47:03","Sep 13, 2025 15:13:05",1.4079405,0.0204,10.4,0.92782585,4386.054,13.8,Mass,21.4,0.0,0.181,163.0,88.778,56.65,0.1333,4710.0,0.0131,0.518,,7.915,284.415675,53.5090244,24.7359,15.548,205.0,2.0
55 Cnc e,55 Cnc,Eclipse,GO 7875,Flight Ready,NASA 6.5m James Webb Space Telescope (JWST),MIRI,MRS,N/A,6.62,N/A,N/A,0.7365474,0.01544,1.875,0.1672763,7.99,0.02513923,Mass,6.66,0.05,2657.8322,1958.0,83.59,0.03846733,1.5439,5172.0,0.943,0.905,0.35,4.43,133.1468373,28.3298154,12.5855,4.015,255.0,70.1
55 Cnc e,55 Cnc,Transit,GO 12237,Implementation,NASA 6.5m James Webb Space Telescope (JWST),NIRISS,SOSS,N/A,6.4,N/A,N/A,0.7365474,0.01544,1.875,0.1672763,7.99,0.02513923,Mass,6.66,0.05,2657.8322,1958.0,83.59,0.03846733,1.5439,5172.0,0.943,0.905,0.35,4.43,133.1468373,28.3298154,12.5855,4.015,255.0,70.1
55 Cnc e,55 Cnc,Eclipse,GO 9825,Implementation,NASA 6.5m James Webb Space Telescope (JWST),NIRISS,SOSS,N/A,7.56,N/A,N/A,0.7365474,0.01544,1.875,0.1672763,7.99,0.02513923,Mass,6.66,0.05,2657.8322,1958.0,83.59,0.03846733,1.5439,5172.0,0.943,0.905,0.35,4.43,133.1468373,28.3298154,12.5855,4.015,255.0,70.1
55 Cnc e,55 Cnc,Eclipse,GO 9825,On Hold (Inactive),NASA 6.5m James Webb Space Telescope (JWST),NIRISS,SOSS,N/A,7.56,N/A,N/A,0.7365474,0.01544,1.875,0.1672763,7.99,0.02513923,Mass,6.66,0.05,2657.8322,1958.0,83.59,0.03846733,1.5439,5172.0,0.943,0.905,0.35,4.43,133.1468373,28.3298154,12.5855,4.015,255.0,70.1
55 Cnc e,55 Cnc,Eclipse,GO 9825,On Hold (Inactive),NASA 6.5m James Webb Space Telescope (JWST),NIRISS,SOSS,N/A,7.56,N/A,N/A,0.7365474,0.01544,1.875,0.1672763,7.99,0.02513923,Mass,6.66,0.05,2657.8322,1958.0,83.59,0.03846733,1.5439,5172.0,0.943,0.905,0.35,4.43,133.1468373,28.3298154,12.5855,4.015,255.0,70.1
55 Cnc e,55 Cnc,Eclipse,GO 9825,On Hold (Inactive),NASA 6.5m James Webb Space Telescope (JWST),NIRISS,SOSS,N/A,7.56,N/A,N/A,0.7365474,0.01544,1.875,0.1672763,7.99,0.02513923,Mass,6.66,0.05,2657.8322,1958.0,83.59,0.03846733,1.5439,5172.0,0.943,0.905,0.35,4.43,133.1468373,28.3298154,12.5855,4.015,255.0,70.1
55 Cnc e,55 Cnc,Eclipse,GO 9825,On Hold (Inactive),NASA 6.5m James Webb Space Telescope (JWST),NIRISS,SOSS,N/A,7.56,N/A,N/A,0.7365474,0.01544,1.875,0.1672763,7.99,0.02513923,Mass,6.66,0.05,2657.8322,1958.0,83.59,0.03846733,1.5439,5172.0,0.943,0.905,0.35,4.43,133.1468373,28.3298154,12.5855,4.015,255.0,70.1
WASP-131 b,WASP-131,Transit,GO 9709,Implementation,NASA 6.5m James Webb Space Telescope (JWST),NIRISS,SOSS,N/A,10.87,N/A,N/A,5.3220125,0.0608,13.74221034,1.226,86.76715511,0.273,Mass,0.196277,0.0,995.3724,1460.0,84.96,0.6517,3.845,5990.0,1.561,1.06,-0.2,4.075,210.1935714,-30.5836084,200.075,8.573,343.0,88.4
WASP-131 b,WASP-131,Transit,GO 9709,Archived,NASA 6.5m James Webb Space Telescope (JWST),NIRSpec,BOTS,G395H,10.76,"Jul 3, 2026 13:47:22","Jul 3, 2026 23:43:28",5.3220125,0.0608,13.74221034,1.226,86.76715511,0.273,Mass,0.196277,0.0,995.3724,1460.0,84.96,0.6517,3.845,5990.0,1.561,1.06,-0.2,4.075,210.1935714,-30.5836084,200.075,8.573,343.0,88.4
WASP-139 b,WASP-139,Transit,GO 11779,Implementation,NASA 6.5m James Webb Space Telescope (JWST),NIRISS,SOSS,N/A,10.05,N/A,N/A,5.924262,0.062,8.9672,0.8,37.18611,0.117,Mass,0.31,0.0,120.7076,910.0,88.9,1.07,2.832,5310.0,0.8,0.92,0.2,4.59,49.562173,-41.3020235,212.472,10.472,202.0,27.4
HD 110067 b,HD 110067,Transit,GO 10047,Implementation,NASA 6.5m James Webb Space Telescope (JWST),NIRSpec,BOTS,G395H,11.17,N/A,N/A,9.113678,0.0793,2.2,0.19627119,5.69,0.01790274,Mass,2.94,,69.0579,800.0,89.061,,3.0948,5266.0,0.788,0.798,-0.2,4.54,189.8392243,20.0273377,32.1585,6.492,124.0,7.9
HAT-P-32 b,HAT-P-32,Eclipse,GO 10786,Flight Ready,NASA 6.5m James Webb Space Telescope (JWST),NIRSpec,BOTS,G395M,12.2,N/A,N/A,2.1500082,0.03397,22.19382,1.98,216.1244,0.68,Mass,0.108,0.159,1841.0,1835.7,88.98,2.216,3.12048,6001.0,1.367,1.132,-0.16,4.22,31.0427614,46.6878512,289.205,9.99,509.0,227.0
WASP-12 b,WASP-12,Eclipse,GO 10786,Flight Ready,NASA 6.5m James Webb Space Telescope (JWST),NIRSpec,BOTS,G395M,11.61,N/A,N/A,1.091418901,0.0234,22.02564708,1.965,467.2101,1.47,Mass,0.266,0.0447,8220.584,2601.0,81.8,1.53777921,3.001,6265.0,1.69,1.325,0.12,4.11,97.636645,29.6722662,427.246,10.188,192.0,211.0
HAT-P-17 b,HAT-P-17,Transit,GO 9942,Scheduled,NASA 6.5m James Webb Space Telescope (JWST),NIRSpec,BOTS,G395H,12.23,"Sep 30, 2026 17:05:18","Oct 1, 2026 01:36:23",10.33852,0.0892,11.76945,1.05,184.3414,0.58,Mass,0.44,0.35,110.512,800.0,89.2,1.5,3.994,5246.0,0.87,0.99,0.0,4.53,324.5359781,30.4881882,92.3831,8.544,169.0,72.6
HAT-P-30 b,HAT-P-30,Eclipse,GO 10786,Flight Ready,NASA 6.5m James Webb Space Telescope (JWST),NIRSpec,BOTS,G395M,9.12,N/A,N/A,2.8106,0.0419,16.14096,1.44,263.7989,0.83,Mass,0.309,0.04,1467.9573,1630.0,83.6,1.3,2.2499254,6304.0,1.31,1.55,0.13,4.36,123.9498431,5.8368669,213.985,9.151,225.0,150.0
TOI-270 c,TOI-270,Transit,GO 12157,Implementation,NASA 6.5m James Webb Space Telescope (JWST),MIRI,LRS,N/A,6.88,N/A,N/A,5.66051,0.04526,2.33,0.20786903,6.2,0.01950738,Mass,2.7,0.0044,47.0639,489.0,89.36,0.3451844,1.682,3506.0,0.38,0.386,-0.17,4.872,68.4160804,-51.9573937,22.4793,8.251,132.0,6.4
TOI-2134 c,TOI-2134,Transit,GO 9709,Archived,NASA 6.5m James Webb Space Telescope (JWST),NIRSpec,BOTS,G395H,13.54,"Jul 30, 2026 19:22:53","Jul 31, 2026 07:42:43",95.85284,0.3715,7.35,0.65572421,58.3,0.18343231,Mass,0.81,0.3125,1.4,302.0,89.688,0.5975,5.263,4580.0,0.709,0.744,0.12,4.8,271.9355015,39.0729269,22.6202,6.091,208.0,3.8
TOI-2134 c,TOI-2134,Transit,GO 9709,Implementation,NASA 6.5m James Webb Space Telescope (JWST),NIRISS,SOSS,N/A,13.7,N/A,N/A,95.85284,0.3715,7.35,0.65572421,58.3,0.18343231,Mass,0.81,0.3125,1.4,302.0,89.688,0.5975,5.263,4580.0,0.709,0.744,0.12,4.8,271.9355015,39.0729269,22.6202,6.091,208.0,3.8
TOI-178 d,TOI-178,Transit,GO 10047,Implementation,NASA 6.5m James Webb Space Telescope (JWST),NIRISS,SOSS,N/A,9.52,N/A,N/A,6.557569,0.0592,2.695,0.24043221,5.2,0.01636103,Mass,1.461108,0.0068,24.9125,690.0,88.58,0.13964,2.346,4316.0,0.662,0.647,-0.23,4.45,7.3020115,-30.4541159,62.699,8.656,99.7,5.4
TOI-178 g,TOI-178,Transit,GO 10047,Implementation,NASA 6.5m James Webb Space Telescope (JWST),NIRISS,SOSS,N/A,9.12,N/A,N/A,20.71663,0.1275,2.939,0.26220047,4.4,0.01384395,Mass,0.959369,0.00043,19.4978,470.0,88.823,0.16605,2.167,4316.0,0.662,0.647,-0.23,4.45,7.3020115,-30.4541159,62.699,8.656,23.1,1.9
TOI-270 d,TOI-270,Transit,GO 12157,Implementation,NASA 6.5m James Webb Space Telescope (JWST),MIRI,LRS,N/A,7.72,N/A,N/A,11.38194,0.0721,2.0,0.17842836,4.2,0.01321468,Mass,2.9,0.0066,9.2135,383.0,89.68,0.2645,2.117,3506.0,0.38,0.386,-0.17,4.872,68.4160804,-51.9573937,22.4793,8.251,96.4,1.7
WASP-178 b,WASP-178,Transit,GO 10290,Implementation,NASA 6.5m James Webb Space Telescope (JWST),MIRI,LRS,N/A,9.67,N/A,N/A,3.3448285,0.0558,20.28829,1.81,527.5978,1.66,Mass,0.37,0.0,5550.0,2470.0,85.7,1.243,3.4704,9360.0,1.67,2.07,0.21,4.31,227.270329,-42.7049658,427.678,9.703,179.0,135.0
TOI-2374 b,TOI-2374,Transit,GO 11779,Flight Ready,NASA 6.5m James Webb Space Telescope (JWST),NIRSpec,BOTS,G395M,7.41,N/A,N/A,4.3136193,0.04818,7.48759911,0.668,61.65871096,0.194,Mass,0.803,0.13,122.9,926.0,87.2,0.933,1.892,5002.0,0.711,0.802,0.128,4.638,319.4982407,-22.0498228,134.655,9.793,120.0,36.9
TOI-2374 b,TOI-2374,Transit,GO 11779,Implementation,NASA 6.5m James Webb Space Telescope (JWST),NIRISS,SOSS,N/A,7.57,N/A,N/A,4.3136193,0.04818,7.48759911,0.668,61.65871096,0.194,Mass,0.803,0.13,122.9,926.0,87.2,0.933,1.892,5002.0,0.711,0.802,0.128,4.638,319.4982407,-22.0498228,134.655,9.793,120.0,36.9
TOI-181 b,TOI-181,Transit,GO 11779,Implementation,NASA 6.5m James Webb Space Telescope (JWST),NIRISS,SOSS,N/A,8.73,N/A,N/A,4.532,0.0539,6.9559,0.6339,46.1687,0.1452,Mass,0.7562,0.1543,102.43,895.1,88.28,0.73,1.99,4994.0,0.745,0.822,0.272,4.608,352.1725409,-34.4914099,96.2338,9.047,161.0,37.9
TOI-1823 b,TOI-1823,Transit,GO 11779,Flight Ready,NASA 6.5m James Webb Space Telescope (JWST),NIRSpec,BOTS,G395M,12.93,N/A,N/A,38.8,0.212,7.5406241,0.67273058,67.4,0.21206412,Mass,0.86,0.0,9.2972,423.63,,0.9593,5.923377,4927.0,0.8049,0.8414,0.243,4.548,196.2197201,63.753261,71.6456,8.332,79.1,5.4
GJ 9827 d,GJ 9827,Transit,GO 12157,Implementation,NASA 6.5m James Webb Space Telescope (JWST),MIRI,LRS,N/A,6.2,N/A,N/A,6.20183,0.053,1.98,0.17664407,3.02,0.00950198,Mass,2.51,0.0,34.9,675.0,87.41,0.0957,1.2264,4236.0,0.58,0.62,-0.29,4.7,351.7717763,-1.2853435,29.661,7.193,164.0,7.2
GJ 9827 d,GJ 9827,Transit,GO 12157,Implementation,NASA 6.5m James Webb Space Telescope (JWST),MIRI,LRS,N/A,6.2,N/A,N/A,6.20183,0.053,1.98,0.17664407,3.02,0.00950198,Mass,2.51,0.0,34.9,675.0,87.41,0.0957,1.2264,4236.0,0.58,0.62,-0.29,4.7,351.7717763,-1.2853435,29.661,7.193,164.0,7.2
GJ 436 b,GJ 436,Transit,GO 11144,Implementation,NASA 6.5m James Webb Space Telescope (JWST),NIRCam,GTS,GRISMR+F444W,6.91,N/A,N/A,2.64388312,0.0291,4.17,0.372,22.1,0.07,Mass,1.8,0.13827,29.4322,686.0,86.44,0.6819,1.00536,3586.11,0.455,0.47,0.0991,4.792,175.5505363,26.7030669,9.75321,6.073,521.0,112.0
WASP-178 b,WASP-178,Eclipse,GO 10786,Archived,NASA 6.5m James Webb Space Telescope (JWST),NIRSpec,BOTS,G395M,13.07,"Aug 17, 2026 12:33:43","Aug 18, 2026 00:29:05",3.3448285,0.0558,20.28829,1.81,527.5978,1.66,Mass,0.37,0.0,5550.0,2470.0,85.7,1.243,3.4704,9360.0,1.67,2.07,0.21,4.31,227.270329,-42.7049658,427.678,9.703,179.0,135.0
HIP 41378 f,HIP 41378,Transit,GO 11253,Implementation,NASA 6.5m James Webb Space Telescope (JWST),NIRISS,SOSS,N/A,39.2,N/A,N/A,542.0797,1.394,9.47,0.84485827,25.0,0.0786588,Mass,0.16,0.052,1.24,294.0,89.953,0.5,18.9,6290.0,1.3,1.22,-0.05,4.298,126.6158279,10.0803708,106.289,7.722,172.0,0.5
TOI-1136 d,TOI-1136,Transit,GO 10047,Implementation,NASA 6.5m James Webb Space Telescope (JWST),NIRSpec,BOTS,G395H,13.51,N/A,N/A,12.5199,0.1062,4.627,0.412794,8.35,0.02627204,Mass,1.81,0.042,626.362,843.0,89.2,0.232,4.1313918,5770.0,0.968,1.022,0.07,4.47,192.1848981,64.8552755,84.5362,8.034,261.0,11.6
KOI-94 c,KOI-94,Transit,GO 10674,Flight Ready,NASA 6.5m James Webb Space Telescope (JWST),NIRSpec,BOTS,PRISM,14.3,N/A,N/A,10.423648,0.1013,4.32,0.385,15.6,0.049,Mass,0.91,0.43,268.219,1012.0,88.36,0.07773,5.2257,6182.0,1.52,1.277,0.0228,4.181,297.3330716,41.8911186,477.052,10.926,14.9,1.5
KOI-94 c,KOI-94,Transit,GO 10674,Flight Ready,NASA 6.5m James Webb Space Telescope (JWST),NIRSpec,BOTS,PRISM,14.3,N/A,N/A,10.423648,0.1013,4.32,0.385,15.6,0.049,Mass,0.91,0.43,268.219,1012.0,88.36,0.07773,5.2257,6182.0,1.52,1.277,0.0228,4.181,297.3330716,41.8911186,477.052,10.926,14.9,1.5
KOI-94 c,KOI-94,Transit,GO 10674,Archived,NASA 6.5m James Webb Space Telescope (JWST),NIRSpec,BOTS,PRISM,14.3,"Aug 14, 2026 01:42:11","Aug 14, 2026 14:14:59",10.423648,0.1013,4.32,0.385,15.6,0.049,Mass,0.91,0.43,268.219,1012.0,88.36,0.07773,5.2257,6182.0,1.52,1.277,0.0228,4.181,297.3330716,41.8911186,477.052,10.926,14.9,1.5
KOI-94 c,KOI-94,Transit,GO 10674,Archived,NASA 6.5m James Webb Space Telescope (JWST),NIRSpec,BOTS,PRISM,14.3,"Jul 24, 2026 05:11:32","Jul 24, 2026 17:54:52",10.423648,0.1013,4.32,0.385,15.6,0.049,Mass,0.91,0.43,268.219,1012.0,88.36,0.07773,5.2257,6182.0,1.52,1.277,0.0228,4.181,297.3330716,41.8911186,477.052,10.926,14.9,1.5
KELT-4 A b,KELT-4 A,Transit,GO 9709,Implementation,NASA 6.5m James Webb Space Telescope (JWST),NIRISS,SOSS,N/A,9.83,N/A,N/A,2.9895932,0.04317,19.044091,1.699,286.68266,0.902,Mass,0.228,0.0,1840.0,1823.0,83.16,1.187,3.46272,6206.0,1.603,1.201,-0.116,4.108,157.06262,25.5731366,218.05,8.689,309.0,210.0
KELT-4 A b,KELT-4 A,Transit,GO 9709,Flight Ready,NASA 6.5m James Webb Space Telescope (JWST),NIRSpec,BOTS,G395H,9.71,N/A,N/A,2.9895932,0.04317,19.044091,1.699,286.68266,0.902,Mass,0.228,0.0,1840.0,1823.0,83.16,1.187,3.46272,6206.0,1.603,1.201,-0.116,4.108,157.06262,25.5731366,218.05,8.689,309.0,210.0
KELT-7 b,KELT-7,Eclipse,GO 10786,Flight Ready,NASA 6.5m James Webb Space Telescope (JWST),NIRSpec,BOTS,G395H,12.84,N/A,N/A,2.73477,0.04415,17.9344,1.6,441.7837,1.39,Mass,0.442,0.0,1775.39,2048.0,83.76,0.83,3.5112,6768.0,1.81,1.76,0.0,4.5,78.2955912,33.3179532,136.681,7.543,266.0,268.0
K2-287 b,K2-287,Transit,GO 9942,Implementation,NASA 6.5m James Webb Space Telescope (JWST),NIRSpec,BOTS,G395H,12.35,N/A,N/A,14.893291,0.1206,9.494023,0.847,100.11645,0.315,Mass,0.63,0.478,53.5814,804.0,88.13,0.64,3.5,5695.0,1.07,1.056,0.2,4.398,233.0743401,-22.3583447,158.335,9.188,80.1,21.3
V1298 Tau b,V1298 Tau,Transit,GO 11831,Archived,NASA 6.5m James Webb Space Telescope (JWST),NIRISS,SOSS,N/A,17.58,"Sep 7, 2026 19:13:56","Sep 8, 2026 09:57:46",24.140006,0.1685,9.41,0.83950542,13.1,0.04121721,Mass,0.09,0.0079,33.2,666.0,88.759,0.5,6.45,4970.0,1.32,1.1,0.1,4.227,61.331654,20.1570318,108.199,8.094,512.0,16.3
HD 110067 b,HD 110067,Transit,GO 10047,Implementation,NASA 6.5m James Webb Space Telescope (JWST),NIRISS,SOSS,N/A,11.29,N/A,N/A,9.113678,0.0793,2.2,0.19627119,5.69,0.01790274,Mass,2.94,,69.0579,800.0,89.061,,3.0948,5266.0,0.788,0.798,-0.2,4.54,189.8392243,20.0273377,32.1585,6.492,124.0,7.9
HD 110067 d,HD 110067,Transit,GO 10047,Implementation,NASA 6.5m James Webb Space Telescope (JWST),NIRISS,SOSS,N/A,12.96,N/A,N/A,20.519617,0.1362,2.852,0.25443884,8.52,0.02680692,Mass,2.02,,23.4102,602.0,89.248,,3.8177,5266.0,0.788,0.798,-0.2,4.54,189.8392243,20.0273377,32.1585,6.492,30.1,6.1
HD 110067 d,HD 110067,Transit,GO 10047,Implementation,NASA 6.5m James Webb Space Telescope (JWST),NIRSpec,BOTS,G395H,12.84,N/A,N/A,20.519617,0.1362,2.852,0.25443884,8.52,0.02680692,Mass,2.02,,23.4102,602.0,89.248,,3.8177,5266.0,0.788,0.798,-0.2,4.54,189.8392243,20.0273377,32.1585,6.492,30.1,6.1
V1298 Tau e,V1298 Tau,Transit,GO 11831,Flight Ready,NASA 6.5m James Webb Space Telescope (JWST),NIRISS,SOSS,N/A,19.3,N/A,N/A,48.677714,0.2689,10.17,0.90730819,15.3,0.04813918,Mass,0.08,0.0124,10.0,527.0,89.4,,7.56,4970.0,1.32,1.1,0.1,4.227,61.331654,20.1570318,108.199,8.094,438.0,9.2
WASP-127 b,WASP-127,Eclipse,GO 10786,Flight Ready,NASA 6.5m James Webb Space Telescope (JWST),NIRSpec,BOTS,G395M,15.17,N/A,N/A,4.17806203,0.0484,14.694999,1.311,52.346601,0.1647,Mass,0.097,0.0,703.971,1400.0,87.84,1.021,4.35288,5620.0,1.333,0.95,-0.193,4.18,160.5587646,-3.8349989,159.507,8.641,834.0,135.0
WASP-12 b,WASP-12,PhaseC,GO 10248,Implementation,NASA 6.5m James Webb Space Telescope (JWST),NIRSpec,BOTS,G395H,39.0,N/A,N/A,1.091418901,0.0234,22.02564708,1.965,467.2101,1.47,Mass,0.266,0.0447,8220.584,2601.0,81.8,1.53777921,3.001,6265.0,1.69,1.325,0.12,4.11,97.636645,29.6722662,427.246,10.188,192.0,211.0
HD 209458 b,HD 209458,Transit,GO 9709,Implementation,NASA 6.5m James Webb Space Telescope (JWST),NIRISS,SOSS,N/A,9.25,N/A,N/A,3.52474859,0.04707,15.58051,1.39,232.0159,0.73,Mass,0.362,0.0,587.098,1459.0,86.71,1.5,3.072,6091.0,1.19,1.23,0.01,4.45,330.7950219,18.8842419,48.3016,6.308,928.0,544.0
HD 189733 b,HD 189733,PhaseC,GO 11301,Scheduled,NASA 6.5m James Webb Space Telescope (JWST),MIRI,LRS,N/A,69.55,"Oct 1, 2026 23:39:25","Oct 4, 2026 09:31:15",2.21857567,0.03126,12.66617,1.13,359.1479,1.13,Mass,0.943,0.0,356.0,1209.0,85.71,2.4,1.8233621,5052.0,0.75,0.79,-0.02,4.49,300.1821223,22.7097759,19.7638,5.541,853.0,1150.0
TOI-1338 b,TOI-1338 A,Transit,GO 11302,Executed,NASA 6.5m James Webb Space Telescope (JWST),NIRSpec,BOTS,PRISM,24.67,"Sep 24, 2026 06:53:47","Sep 25, 2026 04:20:09",95.4001,0.4607,7.661,0.6835,11.3,0.0355,Mass,0.56,0.0331,0.9938,254.65,90.494,0.26000616,11.6316864,5723.2,1.313,1.0936,0.01,4.0,92.1330955,-59.5409853,399.017,10.635,43.6,0.0
TOI-1338 b,TOI-1338 A,Transit,GO 11302,Scheduled,NASA 6.5m James Webb Space Telescope (JWST),NIRSpec,BOTS,PRISM,6.91,"Sep 24, 2026 06:53:44","Sep 24, 2026 12:51:54",95.4001,0.4607,7.661,0.6835,11.3,0.0355,Mass,0.56,0.0331,0.9938,254.65,90.494,0.26000616,11.6316864,5723.2,1.313,1.0936,0.01,4.0,92.1330955,-59.5409853,399.017,10.635,43.6,0.0
TOI-1136 d,TOI-1136,Transit,GO 10047,Implementation,NASA 6.5m James Webb Space Telescope (JWST),NIRISS,SOSS,N/A,13.62,N/A,N/A,12.5199,0.1062,4.627,0.412794,8.35,0.02627204,Mass,1.81,0.042,626.362,843.0,89.2,0.232,4.1313918,5770.0,0.968,1.022,0.07,4.47,192.1848981,64.8552755,84.5362,8.034,261.0,11.6
HD 63935 b,HD 63935,Transit,GO 11962,Implementation,NASA 6.5m James Webb Space Telescope (JWST),NIRISS,SOSS,N/A,10.78,N/A,N/A,9.058807,0.083,2.91575244,0.26012646,10.5,0.03303669,Mass,2.32,0.0,115.6,825.22,88.49,0.0875,3.7026559,5513.0,0.9598,0.9406,0.107,4.445,117.9246417,9.3852412,48.9739,6.881,20.5,8.0
HAT-P-13 b,HAT-P-13,Eclipse,GO 10786,Flight Ready,NASA 6.5m James Webb Space Telescope (JWST),NIRSpec,BOTS,G395M,12.02,N/A,N/A,2.91625,0.04383,14.258,1.272,270.462,0.851,Mass,0.340833,0.0133,1978.5245,1740.0,83.4,0.72577025,3.28681,5653.0,1.756,1.32,0.46,4.07,129.8823772,47.3519076,246.81,8.975,94.8,89.3
HAT-P-1 b,HAT-P-1,Eclipse,GO 10786,Flight Ready,NASA 6.5m James Webb Space Telescope (JWST),NIRSpec,BOTS,G395M,11.22,N/A,N/A,4.46529976,0.05561,14.784671,1.319,166.86075,0.525,Mass,0.282,0.0,259.687,1322.0,85.634,1.444,2.85,5980.0,1.174,1.151,0.13,4.359,344.4453632,38.674919,158.979,8.858,315.0,134.0
WASP-127 b,WASP-127,Transit,GO 9709,Flight Ready,NASA 6.5m James Webb Space Telescope (JWST),NIRSpec,BOTS,G395H,13.11,N/A,N/A,4.17806203,0.0484,14.694999,1.311,52.346601,0.1647,Mass,0.097,0.0,703.971,1400.0,87.84,1.021,4.35288,5620.0,1.333,0.95,-0.193,4.18,160.5587646,-3.8349989,159.507,8.641,834.0,135.0
TOI-1338 b,TOI-1338 A,Eclipse,GO 11302,Scheduled,NASA 6.5m James Webb Space Telescope (JWST),NIRSpec,BOTS,PRISM,16.13,"Sep 24, 2026 12:51:55","Sep 25, 2026 02:47:07",95.4001,0.4607,7.661,0.6835,11.3,0.0355,Mass,0.56,0.0331,0.9938,254.65,90.494,0.26000616,11.6316864,5723.2,1.313,1.0936,0.01,4.0,92.1330955,-59.5409853,399.017,10.635,43.6,0.0
TOI-1420 b,TOI-1420,Transit,GO 9709,Flight Ready,NASA 6.5m James Webb Space Telescope (JWST),NIRSpec,BOTS,G395H,9.67,N/A,N/A,6.9561063,0.071,11.89,1.06075658,25.1,0.07897343,Mass,0.082,0.17,139.0,957.0,88.58,1.396,3.372,5510.0,0.923,0.987,0.28,4.502,322.9418092,66.3490054,201.918,10.119,669.0,45.5
KELT-11 b,KELT-11,Transit,GO 9709,Implementation,NASA 6.5m James Webb Space Telescope (JWST),NIRSpec,BOTS,G395H,17.77,N/A,N/A,4.73620865,0.0623,15.13212395,1.35,65.15482343,0.205,Mass,0.093,0.0,1433.0,1712.0,85.3,0.23388746,7.1,5375.0,2.69,1.44,0.17,3.7,161.7069053,-9.3993646,99.1596,6.122,687.0,165.0
TOI-1173 b,TOI-1173,Transit,GO 9709,Flight Ready,NASA 6.5m James Webb Space Telescope (JWST),NIRSpec,BOTS,G395H,7.81,N/A,N/A,7.0643971,0.071,8.77663189,0.783,28.28672822,0.089,Mass,0.23,0.037,132.0,868.0,87.228,0.8268,2.5609598,5350.0,0.934,0.911,0.191,4.45,197.6830975,70.7680117,132.353,9.134,334.0,31.7
L 98-59 d,L 98-59,Transit,GO 10498,Archived,NASA 6.5m James Webb Space Telescope (JWST),NIRSpec,BOTS,G395H,5.42,"Jul 31, 2026 23:11:30","Aug 1, 2026 04:29:01",7.450729,0.0494,1.627,0.14515147,1.64,0.00516002,Mass,2.2,0.006,4.97,416.0,88.44,0.1445,0.84,3415.0,0.3155,0.2923,-0.46,4.91,124.5328604,-68.3144658,10.6194,7.101,358.0,4.2
KOI-94 d,KOI-94,Transit,GO 10674,Scheduled,NASA 6.5m James Webb Space Telescope (JWST),NIRSpec,BOTS,PRISM,17.17,"Sep 27, 2026 06:55:48","Sep 27, 2026 19:41:58",22.342989,0.1684,11.27,1.005,106.0,0.334,Mass,0.363,0.022,97.12,806.0,89.871,0.56128,6.68603,6182.0,1.52,1.277,0.0228,4.181,297.3330716,41.8911186,477.052,10.926,30.9,6.1
KOI-94 e,KOI-94,Transit,GO 10674,Flight Ready,NASA 6.5m James Webb Space Telescope (JWST),NIRSpec,BOTS,PRISM,21.52,N/A,N/A,54.32031,0.3046,6.56,0.585,35.0,0.11,Mass,0.6,0.019,29.7,584.0,89.76,0.19962,8.4652,6182.0,1.52,1.277,0.0228,4.181,297.3330716,41.8911186,477.052,10.926,13.4,0.8
KOI-94 e,KOI-94,Transit,GO 10674,Flight Ready,NASA 6.5m James Webb Space Telescope (JWST),NIRSpec,BOTS,PRISM,21.52,N/A,N/A,54.32031,0.3046,6.56,0.585,35.0,0.11,Mass,0.6,0.019,29.7,584.0,89.76,0.19962,8.4652,6182.0,1.52,1.277,0.0228,4.181,297.3330716,41.8911186,477.052,10.926,13.4,0.8
L 98-59 d,L 98-59,Transit,GO 10498,Flight Ready,NASA 6.5m James Webb Space Telescope (JWST),NIRSpec,BOTS,G395H,5.42,N/A,N/A,7.450729,0.0494,1.627,0.14515147,1.64,0.00516002,Mass,2.2,0.006,4.97,416.0,88.44,0.1445,0.84,3415.0,0.3155,0.2923,-0.46,4.91,124.5328604,-68.3144658,10.6194,7.101,358.0,4.2
LP 791-18 c,LP 791-18,Transit,GO 12157,Implementation,NASA 6.5m James Webb Space Telescope (JWST),MIRI,LRS,N/A,6.03,N/A,N/A,4.98991,0.02961,2.488,0.22196488,7.16,0.02252788,Mass,2.56,0.0001,2.637,324.4,89.94,1.89314106,1.167,2960.0,0.182,0.139,-0.09,5.115,165.6904843,-16.4064445,26.4927,10.644,129.0,2.1
LP 791-18 c,LP 791-18,Transit,GO 12157,Implementation,NASA 6.5m James Webb Space Telescope (JWST),MIRI,LRS,N/A,6.03,N/A,N/A,4.98991,0.02961,2.488,0.22196488,7.16,0.02252788,Mass,2.56,0.0001,2.637,324.4,89.94,1.89314106,1.167,2960.0,0.182,0.139,-0.09,5.115,165.6904843,-16.4064445,26.4927,10.644,129.0,2.1
TOI-1136 f,TOI-1136,Transit,GO 10047,Implementation,NASA 6.5m James Webb Space Telescope (JWST),NIRSpec,BOTS,G395H,15.95,N/A,N/A,26.321,0.174,3.73591482,0.33329657,9.7,0.03051961,Mass,0.89,0.001,26.4328,658.0,89.3,0.08,5.1779232,5770.0,0.968,1.022,0.07,4.47,192.1848981,64.8552755,84.5362,8.034,22.5,4.0
TOI-1136 f,TOI-1136,Transit,GO 10047,Implementation,NASA 6.5m James Webb Space Telescope (JWST),NIRISS,SOSS,N/A,16.06,N/A,N/A,26.321,0.174,3.73591482,0.33329657,9.7,0.03051961,Mass,0.89,0.001,26.4328,658.0,89.3,0.08,5.1779232,5770.0,0.968,1.022,0.07,4.47,192.1848981,64.8552755,84.5362,8.034,22.5,4.0
TOI-1173 b,TOI-1173,Transit,GO 9709,Implementation,NASA 6.5m James Webb Space Telescope (JWST),NIRISS,SOSS,N/A,8.0,N/A,N/A,7.0643971,0.071,8.77663189,0.783,28.28672822,0.089,Mass,0.23,0.037,132.0,868.0,87.228,0.8268,2.5609598,5350.0,0.934,0.911,0.191,4.45,197.6830975,70.7680117,132.353,9.134,334.0,31.7
L 98-59 d,L 98-59,Transit,GO 10498,Flight Ready,NASA 6.5m James Webb Space Telescope (JWST),NIRSpec,BOTS,G395H,5.42,N/A,N/A,7.450729,0.0494,1.627,0.14515147,1.64,0.00516002,Mass,2.2,0.006,4.97,416.0,88.44,0.1445,0.84,3415.0,0.3155,0.2923,-0.46,4.91,124.5328604,-68.3144658,10.6194,7.101,358.0,4.2
TOI-6109 b,TOI-6109,Transit,GO 10047,Implementation,NASA 6.5m James Webb Space Telescope (JWST),NIRSpec,BOTS,G395H,9.14,N/A,N/A,5.690476,0.0599,4.8704,0.43450873,21.1,0.0664,M-R relationship,1.0,,39.9451,700.0,85.6909,0.147,1.107,5660.0,1.021,1.03,0.0895,4.45,50.1319206,42.6069564,151.738,9.251,49.5,4.2
L 98-59 d,L 98-59,Transit,GO 10498,Flight Ready,NASA 6.5m James Webb Space Telescope (JWST),NIRSpec,BOTS,G395H,5.42,N/A,N/A,7.450729,0.0494,1.627,0.14515147,1.64,0.00516002,Mass,2.2,0.006,4.97,416.0,88.44,0.1445,0.84,3415.0,0.3155,0.2923,-0.46,4.91,124.5328604,-68.3144658,10.6194,7.101,358.0,4.2
L 98-59 d,L 98-59,Transit,GO 10498,Flight Ready,NASA 6.5m James Webb Space Telescope (JWST),NIRSpec,BOTS,G395H,5.42,N/A,N/A,7.450729,0.0494,1.627,0.14515147,1.64,0.00516002,Mass,2.2,0.006,4.97,416.0,88.44,0.1445,0.84,3415.0,0.3155,0.2923,-0.46,4.91,124.5328604,-68.3144658,10.6194,7.101,358.0,4.2
L 98-59 d,L 98-59,Transit,GO 10498,Flight Ready,NASA 6.5m James Webb Space Telescope (JWST),NIRSpec,BOTS,G395H,5.42,N/A,N/A,7.450729,0.0494,1.627,0.14515147,1.64,0.00516002,Mass,2.2,0.006,4.97,416.0,88.44,0.1445,0.84,3415.0,0.3155,0.2923,-0.46,4.91,124.5328604,-68.3144658,10.6194,7.101,358.0,4.2
L 98-59 d,L 98-59,Transit,GO 10498,Flight Ready,NASA 6.5m James Webb Space Telescope (JWST),NIRSpec,BOTS,G395H,5.42,N/A,N/A,7.450729,0.0494,1.627,0.14515147,1.64,0.00516002,Mass,2.2,0.006,4.97,416.0,88.44,0.1445,0.84,3415.0,0.3155,0.2923,-0.46,4.91,124.5328604,-68.3144658,10.6194,7.101,358.0,4.2
TOI-6109 c,TOI-6109,Transit,GO 10047,Implementation,NASA 6.5m James Webb Space Telescope (JWST),NIRSpec,BOTS,G395H,9.84,N/A,N/A,8.538878,0.0786,4.8326,0.43113644,20.8,0.0655,M-R relationship,1.01,,63.3913,786.0,87.2,0.173,2.337,5660.0,1.021,1.03,0.0895,4.45,50.1319206,42.6069564,151.738,9.251,55.1,5.6
L 98-59 d,L 98-59,Transit,GO 10498,Flight Ready,NASA 6.5m James Webb Space Telescope (JWST),NIRSpec,BOTS,G395H,5.42,N/A,N/A,7.450729,0.0494,1.627,0.14515147,1.64,0.00516002,Mass,2.2,0.006,4.97,416.0,88.44,0.1445,0.84,3415.0,0.3155,0.2923,-0.46,4.91,124.5328604,-68.3144658,10.6194,7.101,358.0,4.2
L 98-59 d,L 98-59,Transit,GO 10498,Flight Ready,NASA 6.5m James Webb Space Telescope (JWST),NIRSpec,BOTS,G395H,5.42,N/A,N/A,7.450729,0.0494,1.627,0.14515147,1.64,0.00516002,Mass,2.2,0.006,4.97,416.0,88.44,0.1445,0.84,3415.0,0.3155,0.2923,-0.46,4.91,124.5328604,-68.3144658,10.6194,7.101,358.0,4.2
TOI-6109 b,TOI-6109,Transit,GO 10047,Implementation,NASA 6.5m James Webb Space Telescope (JWST),NIRISS,SOSS,N/A,9.34,N/A,N/A,5.690476,0.0599,4.8704,0.43450873,21.1,0.0664,M-R relationship,1.0,,39.9451,700.0,85.6909,0.147,1.107,5660.0,1.021,1.03,0.0895,4.45,50.1319206,42.6069564,151.738,9.251,49.5,4.2
TOI-6109 c,TOI-6109,Transit,GO 10047,Implementation,NASA 6.5m James Webb Space Telescope (JWST),NIRISS,SOSS,N/A,10.03,N/A,N/A,8.538878,0.0786,4.8326,0.43113644,20.8,0.0655,M-R relationship,1.01,,63.3913,786.0,87.2,0.173,2.337,5660.0,1.021,1.03,0.0895,4.45,50.1319206,42.6069564,151.738,9.251,55.1,5.6
TOI-1823 b,TOI-1823,Transit,GO 11779,Implementation,NASA 6.5m James Webb Space Telescope (JWST),NIRISS,SOSS,N/A,13.24,N/A,N/A,38.8,0.212,7.5406241,0.67273058,67.4,0.21206412,Mass,0.86,0.0,9.2972,423.63,,0.9593,5.923377,4927.0,0.8049,0.8414,0.243,4.548,196.2197201,63.753261,71.6456,8.332,79.1,5.4
TOI-270 c,TOI-270,Transit,GO 12157,Implementation,NASA 6.5m James Webb Space Telescope (JWST),MIRI,LRS,N/A,6.88,N/A,N/A,5.66051,0.04526,2.33,0.20786903,6.2,0.01950738,Mass,2.7,0.0044,47.0639,489.0,89.36,0.3451844,1.682,3506.0,0.38,0.386,-0.17,4.872,68.4160804,-51.9573937,22.4793,8.251,132.0,6.4
WASP-139 b,WASP-139,Transit,GO 11779,Flight Ready,NASA 6.5m James Webb Space Telescope (JWST),NIRSpec,BOTS,G395M,9.82,N/A,N/A,5.924262,0.062,8.9672,0.8,37.18611,0.117,Mass,0.31,0.0,120.7076,910.0,88.9,1.07,2.832,5310.0,0.8,0.92,0.2,4.59,49.562173,-41.3020235,212.472,10.472,202.0,27.4
WASP-148 b,WASP-148,Transit,GO 9942,Implementation,NASA 6.5m James Webb Space Telescope (JWST),NIRSpec,BOTS,G395H,10.03,N/A,N/A,8.803809,0.08215,8.47398941,0.756,91.21675281,0.287,Mass,0.831,0.208,72.699,940.0,89.3,0.836,3.016,5555.0,0.912,0.954,0.099,4.496,254.1305022,44.3025361,246.353,10.506,56.3,18.9
HD 110067 f,HD 110067,Transit,GO 10047,Implementation,NASA 6.5m James Webb Space Telescope (JWST),NIRSpec,BOTS,G395H,15.97,N/A,N/A,41.05854,0.2163,2.601,0.23204608,5.04,0.01585761,Mass,1.57,,9.2821,489.0,89.673,,5.165,5266.0,0.788,0.798,-0.2,4.54,189.8392243,20.0273377,32.1585,6.492,141.0,2.5
HD 110067 f,HD 110067,Transit,GO 10047,Implementation,NASA 6.5m James Webb Space Telescope (JWST),NIRISS,SOSS,N/A,16.09,N/A,N/A,41.05854,0.2163,2.601,0.23204608,5.04,0.01585761,Mass,1.57,,9.2821,489.0,89.673,,5.165,5266.0,0.788,0.798,-0.2,4.54,189.8392243,20.0273377,32.1585,6.492,141.0,2.5
HATS-48 A b,HATS-48 A,Transit,GO 11779,Archived,NASA 6.5m James Webb Space Telescope (JWST),NIRSpec,BOTS,PRISM,8.5,"Aug 12, 2026 22:31:37","Aug 13, 2026 06:31:20",3.1316666,0.03769,8.9672,0.8,77.23269,0.243,Mass,0.589,0.162,137.6,954.6,89.58,1.49156944,2.34576,4546.0,0.7152,0.7279,0.186,4.5909,288.6720048,-59.5793505,263.609,11.427,74.1,29.6
KELT-11 b,KELT-11,Transit,GO 9709,Implementation,NASA 6.5m James Webb Space Telescope (JWST),NIRISS,SOSS,N/A,17.86,N/A,N/A,4.73620865,0.0623,15.13212395,1.35,65.15482343,0.205,Mass,0.093,0.0,1433.0,1712.0,85.3,0.23388746,7.1,5375.0,2.69,1.44,0.17,3.7,161.7069053,-9.3993646,99.1596,6.122,687.0,165.0
HD 63935 b,HD 63935,Transit,GO 11962,Implementation,NASA 6.5m James Webb Space Telescope (JWST),NIRSpec,BOTS,G395H,10.6,N/A,N/A,9.058807,0.083,2.91575244,0.26012646,10.5,0.03303669,Mass,2.32,0.0,115.6,825.22,88.49,0.0875,3.7026559,5513.0,0.9598,0.9406,0.107,4.445,117.9246417,9.3852412,48.9739,6.881,20.5,8.0
HD 63935 c,HD 63935,Transit,GO 11962,Implementation,NASA 6.5m James Webb Space Telescope (JWST),NIRISS,SOSS,N/A,14.25,N/A,N/A,21.4027,0.148,3.06451296,0.273398,11.1,0.03492451,Mass,2.11,0.0,36.7,619.59,88.241,0.0960754,5.4205342,5513.0,0.9598,0.9406,0.107,4.445,117.9246417,9.3852412,48.9739,6.881,16.9,4.1
HD 63935 c,HD 63935,Transit,GO 11962,Implementation,NASA 6.5m James Webb Space Telescope (JWST),NIRSpec,BOTS,G395H,14.08,N/A,N/A,21.4027,0.148,3.06451296,0.273398,11.1,0.03492451,Mass,2.11,0.0,36.7,619.59,88.241,0.0960754,5.4205342,5513.0,0.9598,0.9406,0.107,4.445,117.9246417,9.3852412,48.9739,6.881,16.9,4.1
K2-33 b,K2-33,Transit,GO 10586,Implementation,NASA 6.5m James Webb Space Telescope (JWST),MIRI,LRS,N/A,12.6,N/A,N/A,5.424865,0.0409,5.04,0.44963868,1175.971,3.7,Mass,,0.0,89.6695,850.0,89.1,0.3018,4.08,3540.0,1.05,0.56,,4.06317,242.5613635,-19.3193831,139.268,10.026,0.6,8.7
K2-33 b,K2-33,Transit,GO 10586,Implementation,NASA 6.5m James Webb Space Telescope (JWST),NIRSpec,BOTS,PRISM,11.79,N/A,N/A,5.424865,0.0409,5.04,0.44963868,1175.971,3.7,Mass,,0.0,89.6695,850.0,89.1,0.3018,4.08,3540.0,1.05,0.56,,4.06317,242.5613635,-19.3193831,139.268,10.026,0.6,8.7
TOI-181 b,TOI-181,Transit,GO 11779,Flight Ready,NASA 6.5m James Webb Space Telescope (JWST),NIRSpec,BOTS,G395M,8.56,N/A,N/A,4.532,0.0539,6.9559,0.6339,46.1687,0.1452,Mass,0.7562,0.1543,102.43,895.1,88.28,0.73,1.99,4994.0,0.745,0.822,0.272,4.608,352.1725409,-34.4914099,96.2338,9.047,161.0,37.9
TOI-421 c,TOI-421,Transit,GO 11672,Flight Ready,NASA 6.5m James Webb Space Telescope (JWST),NIRSpec,BOTS,G395H,9.5,N/A,N/A,16.067541,0.117,5.09,0.45410017,14.1,0.04436356,Mass,0.589957,0.19,34.32,635.0,88.353,0.29296501,2.755,5291.0,0.866,0.833,-0.044,4.48,81.8532824,-14.2767404,74.7969,8.071,178.0,9.1
TOI-421 c,TOI-421,Transit,GO 11672,Flight Ready,NASA 6.5m James Webb Space Telescope (JWST),NIRISS,SOSS,N/A,9.58,N/A,N/A,16.067541,0.117,5.09,0.45410017,14.1,0.04436356,Mass,0.589957,0.19,34.32,635.0,88.353,0.29296501,2.755,5291.0,0.866,0.833,-0.044,4.48,81.8532824,-14.2767404,74.7969,8.071,178.0,9.1
WASP-94 A b,WASP-94 A,Eclipse,GO 10786,Flight Ready,NASA 6.5m James Webb Space Telescope (JWST),NIRSpec,BOTS,G395M,15.79,N/A,N/A,3.95019,0.055,17.71022,1.58,158.915,0.5,Mass,0.118,0.0,1009.38,1604.0,88.7,1.2,4.488,6170.0,1.48,1.67,0.26,4.27,313.7832393,-34.1357512,211.211,8.874,434.0,161.0
WASP-193 b,WASP-193,Transit,GO 9709,Implementation,NASA 6.5m James Webb Space Telescope (JWST),NIRISS,SOSS,N/A,12.0,N/A,N/A,6.2463475,0.0668,14.78464554,1.319,35.59678158,0.112,Mass,0.06,0.081,402.0,1250.0,89.25,1.248,4.2559,6080.0,1.213,1.018,-0.108,4.28,164.3491401,-29.9971229,362.087,10.745,572.0,46.4
WASP-20 b,WASP-20,Transit,GO 9709,Flight Ready,NASA 6.5m James Webb Space Telescope (JWST),NIRSpec,BOTS,G395H,8.98,N/A,N/A,4.89964477,0.05999,15.46839337,1.38,98.841,0.311,Mass,0.156491,0.0,259.864,1362.0,85.82,1.0957,3.07,5940.0,1.242,1.2,-0.008,4.231,5.1605621,-23.9357894,211.877,9.39,436.0,109.0
WASP-20 b,WASP-20,Transit,GO 9709,Implementation,NASA 6.5m James Webb Space Telescope (JWST),NIRISS,SOSS,N/A,9.19,N/A,N/A,4.89964477,0.05999,15.46839337,1.38,98.841,0.311,Mass,0.156491,0.0,259.864,1362.0,85.82,1.0957,3.07,5940.0,1.242,1.2,-0.008,4.231,5.1605621,-23.9357894,211.877,9.39,436.0,109.0
GJ 436 b,GJ 436,Transit,GO 11144,Implementation,NASA 6.5m James Webb Space Telescope (JWST),NIRCam,GTS,GRISMR+F322W2,6.97,N/A,N/A,2.64388312,0.0291,4.17,0.372,22.1,0.07,Mass,1.8,0.13827,29.4322,686.0,86.44,0.6819,1.00536,3586.11,0.455,0.47,0.0991,4.792,175.5505363,26.7030669,9.75321,6.073,521.0,112.0
GJ 3090 b,GJ 3090,Transit,GO 12157,Implementation,NASA 6.5m James Webb Space Telescope (JWST),MIRI,LRS,N/A,6.14,N/A,N/A,2.85310198,0.0316,2.18,0.19448691,4.52,0.01422151,Mass,2.4,0.25,45.4,723.0,86.9,0.15471069,1.281,3707.0,0.516,0.519,0.12,4.727,20.4384281,-46.7147234,22.4751,7.294,182.0,14.9
GJ 3090 b,GJ 3090,Transit,GO 12157,Skipped,NASA 6.5m James Webb Space Telescope (JWST),MIRI,LRS,N/A,6.14,N/A,N/A,2.85310198,0.0316,2.18,0.19448691,4.52,0.01422151,Mass,2.4,0.25,45.4,723.0,86.9,0.15471069,1.281,3707.0,0.516,0.519,0.12,4.727,20.4384281,-46.7147234,22.4751,7.294,182.0,14.9
TOI-6324 b,TOI-6324,PhaseC,GO 10653,Implementation,NASA 6.5m James Webb Space Telescope (JWST),MIRI,LRS,N/A,27.0,N/A,N/A,0.279221,,1.059,0.09447781,1.17,0.00368123,Mass,5.41,0.0,284.211,1216.0,74.6,0.0779,0.409,3247.0,0.293,0.269,-0.32,4.93,330.844543,67.4986773,20.5488,8.691,35.8,21.7
WASP-18 b,WASP-18,Transit,COM 1541,Withdrawn,NASA 6.5m James Webb Space Telescope (JWST),NIRISS,SOSS,N/A,7.05,N/A,N/A,0.94145223,0.02024,13.89913607,1.24,3241.8497514,10.2,Mass,6.6,0.0051,5805.0,2429.0,83.5,1.041,2.21,6432.0,1.319,1.294,0.107,4.31,24.3544618,-45.6777937,123.483,8.131,27.7,313.0
WASP-18 b,WASP-18,Transit,COM 1442,Withdrawn,NASA 6.5m James Webb Space Telescope (JWST),NIRCam,GTS,GRISMR+F322W2,6.8,N/A,N/A,0.94145223,0.02024,13.89913607,1.24,3241.8497514,10.2,Mass,6.6,0.0051,5805.0,2429.0,83.5,1.041,2.21,6432.0,1.319,1.294,0.107,4.31,24.3544618,-45.6777937,123.483,8.131,27.7,313.0
WASP-96 b,WASP-96,Transit,COM 2734,Archived,NASA 6.5m James Webb Space Telescope (JWST),NIRISS,SOSS,N/A,7.51,"Jun 21, 2022 02:41:18","Jun 21, 2022 10:48:41",3.4252602,0.0453,13.45,1.2,152.55,0.48,Mass,0.37,0.0,517.0,1285.0,85.6,1.38,2.4264,5540.0,1.05,1.06,0.14,4.42,1.0465696,-47.3606352,352.464,10.914,119.0,55.7
K2-34 b,K2-34,Transit,COM 1541,Withdrawn,NASA 6.5m James Webb Space Telescope (JWST),NIRISS,SOSS,N/A,7.23,N/A,N/A,2.9956348,0.0442,13.75,1.22669495,539.67534,1.698,Mass,0.94,0.0,963.566,1687.0,82.23,0.7493,2.4768,6168.0,1.42,1.16,0.01,4.2,127.5787231,22.2359194,348.646,10.193,36.3,62.3
WASP-164 b,WASP-164,Transit,COM 1541,Withdrawn,NASA 6.5m James Webb Space Telescope (JWST),NIRISS,SOSS,N/A,7.38,N/A,N/A,1.7771255,0.02818,12.643752,1.128,676.9779,2.13,Mass,1.96,0.0,1043.2122,1610.0,82.73,1.542,1.60368,5806.0,0.932,0.946,-0.01,4.45645,344.8735878,-60.4478194,327.506,10.959,33.9,85.5
HAT-P-14 b,HAT-P-14,Transit,COM 1541,Archived,NASA 6.5m James Webb Space Telescope (JWST),NIRISS,SOSS,N/A,7.07,"Jun 8, 2022 05:44:06","Jun 8, 2022 13:24:53",4.62767,0.0596,15.91678,1.42,1093.3352,3.44,Mass,1.56,0.11,1038.78,1624.0,83.5,0.65,2.1888,6600.0,1.82,2.65,0.11,4.25,260.1161719,38.2421682,222.663,8.851,31.6,82.0
HAT-P-18 b,HAT-P-18,Transit,COM 2734,Archived,NASA 6.5m James Webb Space Telescope (JWST),NIRISS,SOSS,N/A,8.18,"Jun 13, 2022 03:11:52","Jun 13, 2022 11:59:06",5.5080291,0.0559,10.70457657,0.955,55.5246227,0.1747,Mass,0.249,0.03,82.2407,841.0,88.66,2.15847573,2.7144,4870.0,0.717,0.77,0.1,4.613,256.346376,33.0123251,161.4,10.234,285.0,50.1
HAT-P-14 b,HAT-P-14,Transit,COM 1442,Archived,NASA 6.5m James Webb Space Telescope (JWST),NIRCam,GTS,GRISMR+F322W2,6.8,"May 2, 2022 05:46:15","May 2, 2022 12:44:23",4.62767,0.0596,15.91678,1.42,1093.3352,3.44,Mass,1.56,0.11,1038.78,1624.0,83.5,0.65,2.1888,6600.0,1.82,2.65,0.11,4.25,260.1161719,38.2421682,222.663,8.851,31.6,82.0
WASP-69 b,WASP-69,Eclipse,GTO 1185,Archived,NASA 6.5m James Webb Space Telescope (JWST),NIRCam,GTS,GRISMR+F322W2,8.12,"Oct 25, 2022 08:33:18","Oct 25, 2022 16:01:58",3.86813881,0.0453,11.21,1.0,82.58,0.26,Mass,0.291,0.0,180.5564,971.0,86.79,1.72599935,2.1869,4792.0,0.801,0.83,0.35,4.57,315.0259661,-5.094857,49.9605,7.459,735.0,223.0
WASP-69 b,WASP-69,Eclipse,GTO 1177,Archived,NASA 6.5m James Webb Space Telescope (JWST),MIRI,LRS,N/A,8.3,"May 2, 2023 21:27:34","May 3, 2023 05:00:30",3.86813881,0.0453,11.21,1.0,82.58,0.26,Mass,0.291,0.0,180.5564,971.0,86.79,1.72599935,2.1869,4792.0,0.801,0.83,0.35,4.57,315.0259661,-5.094857,49.9605,7.459,735.0,223.0
WASP-77 A b,WASP-77 A,Eclipse,GTO 1274,Archived,NASA 6.5m James Webb Space Telescope (JWST),NIRSpec,BOTS,G395H,8.47,"Aug 24, 2022 21:01:29","Aug 25, 2022 04:37:08",1.360029395,0.023233633,13.56,1.21,529.31142902,1.6654,Mass,1.33,0.01353,1440.0,1674.0,89.99,1.94276945,2.1652751,5617.0,0.91,0.903,-0.1,4.476,37.1555223,-7.0606675,105.166,8.405,193.0,370.0
WASP-80 b,WASP-80,Transit,GTO 1185,Skipped,NASA 6.5m James Webb Space Telescope (JWST),NIRCam,GTS,GRISMR+F444W,7.95,N/A,N/A,3.06785234,0.0344,11.197791,0.999,170.99254,0.538,Mass,0.717,0.002,72.442,825.0,89.02,2.937,2.131,4143.0,0.586,0.577,-0.13,4.663,303.1667996,-2.1444369,49.7876,8.351,325.0,228.0
WASP-80 b,WASP-80,Transit,GTO 1185,Archived,NASA 6.5m James Webb Space Telescope (JWST),NIRCam,GTS,GRISMR+F444W,7.95,"Oct 6, 2023 08:53:28","Oct 6, 2023 16:13:09",3.06785234,0.0344,11.197791,0.999,170.99254,0.538,Mass,0.717,0.002,72.442,825.0,89.02,2.937,2.131,4143.0,0.586,0.577,-0.13,4.663,303.1667996,-2.1444369,49.7876,8.351,325.0,228.0
WASP-80 b,WASP-80,Transit,GTO 1177,Archived,NASA 6.5m James Webb Space Telescope (JWST),MIRI,LRS,N/A,7.9,"Sep 24, 2022 00:27:58","Sep 24, 2022 07:47:57",3.06785234,0.0344,11.197791,0.999,170.99254,0.538,Mass,0.717,0.002,72.442,825.0,89.02,2.937,2.131,4143.0,0.586,0.577,-0.13,4.663,303.1667996,-2.1444369,49.7876,8.351,325.0,228.0
WASP-80 b,WASP-80,Eclipse,GTO 1185,Archived,NASA 6.5m James Webb Space Telescope (JWST),NIRCam,GTS,GRISMR+F322W2,7.85,"Oct 29, 2022 07:24:57","Oct 29, 2022 14:18:41",3.06785234,0.0344,11.197791,0.999,170.99254,0.538,Mass,0.717,0.002,72.442,825.0,89.02,2.937,2.131,4143.0,0.586,0.577,-0.13,4.663,303.1667996,-2.1444369,49.7876,8.351,325.0,228.0
WASP-80 b,WASP-80,Eclipse,GTO 1185,Archived,NASA 6.5m James Webb Space Telescope (JWST),NIRCam,GTS,GRISMR+F444W,7.95,"Jun 13, 2023 07:28:37","Jun 13, 2023 14:43:17",3.06785234,0.0344,11.197791,0.999,170.99254,0.538,Mass,0.717,0.002,72.442,825.0,89.02,2.937,2.131,4143.0,0.586,0.577,-0.13,4.663,303.1667996,-2.1444369,49.7876,8.351,325.0,228.0
WASP-80 b,WASP-80,Eclipse,GTO 1201,Archived,NASA 6.5m James Webb Space Telescope (JWST),NIRISS,SOSS,N/A,6.97,"Oct 26, 2023 07:33:10","Oct 26, 2023 14:05:03",3.06785234,0.0344,11.197791,0.999,170.99254,0.538,Mass,0.717,0.002,72.442,825.0,89.02,2.937,2.131,4143.0,0.586,0.577,-0.13,4.663,303.1667996,-2.1444369,49.7876,8.351,325.0,228.0
WD 1856+534 b,WD 1856+534,Transit,GO 2358,Archived,NASA 6.5m James Webb Space Telescope (JWST),NIRSpec,BOTS,PRISM,3.33,"Aug 29, 2022 14:59:19","Aug 29, 2022 15:38:32",1.4079405,0.0204,10.4,0.92782585,4386.054,13.8,Mass,21.4,0.0,0.181,163.0,88.778,56.65,0.1333,4710.0,0.0131,0.518,,7.915,284.415675,53.5090244,24.7359,15.548,205.0,2.0
55 Cnc e,55 Cnc,Eclipse,GO 2084,Skipped,NASA 6.5m James Webb Space Telescope (JWST),NIRCam,GTS,GRISMR+F444W,6.25,N/A,N/A,0.7365474,0.01544,1.875,0.1672763,7.99,0.02513923,Mass,6.66,0.05,2657.8322,1958.0,83.59,0.03846733,1.5439,5172.0,0.943,0.905,0.35,4.43,133.1468373,28.3298154,12.5855,4.015,255.0,70.1
WD 1856+534 b,WD 1856+534,Transit,GO 2358,Archived,NASA 6.5m James Webb Space Telescope (JWST),NIRSpec,BOTS,PRISM,3.33,"Sep 4, 2022 06:09:11","Sep 4, 2022 06:38:33",1.4079405,0.0204,10.4,0.92782585,4386.054,13.8,Mass,21.4,0.0,0.181,163.0,88.778,56.65,0.1333,4710.0,0.0131,0.518,,7.915,284.415675,53.5090244,24.7359,15.548,205.0,2.0
55 Cnc e,55 Cnc,Eclipse,GO 2084,Archived,NASA 6.5m James Webb Space Telescope (JWST),NIRCam,GTS,GRISMR+F444W,6.25,"Nov 18, 2022 13:21:28","Nov 18, 2022 19:13:05",0.7365474,0.01544,1.875,0.1672763,7.99,0.02513923,Mass,6.66,0.05,2657.8322,1958.0,83.59,0.03846733,1.5439,5172.0,0.943,0.905,0.35,4.43,133.1468373,28.3298154,12.5855,4.015,255.0,70.1
55 Cnc e,55 Cnc,Eclipse,GO 2084,Archived,NASA 6.5m James Webb Space Telescope (JWST),NIRCam,GTS,GRISMR+F444W,6.25,"Nov 22, 2022 23:49:03","Nov 23, 2022 05:16:09",0.7365474,0.01544,1.875,0.1672763,7.99,0.02513923,Mass,6.66,0.05,2657.8322,1958.0,83.59,0.03846733,1.5439,5172.0,0.943,0.905,0.35,4.43,133.1468373,28.3298154,12.5855,4.015,255.0,70.1
55 Cnc e,55 Cnc,Eclipse,GO 2084,Archived,NASA 6.5m James Webb Space Telescope (JWST),NIRCam,GTS,GRISMR+F444W,6.35,"Apr 24, 2023 10:36:29","Apr 24, 2023 16:31:59",0.7365474,0.01544,1.875,0.1672763,7.99,0.02513923,Mass,6.66,0.05,2657.8322,1958.0,83.59,0.03846733,1.5439,5172.0,0.943,0.905,0.35,4.43,133.1468373,28.3298154,12.5855,4.015,255.0,70.1
WD 1856+534 b,WD 1856+534,Transit,GO 2358,Archived,NASA 6.5m James Webb Space Telescope (JWST),NIRSpec,BOTS,PRISM,3.33,"Aug 31, 2022 00:46:47","Aug 31, 2022 01:38:38",1.4079405,0.0204,10.4,0.92782585,4386.054,13.8,Mass,21.4,0.0,0.181,163.0,88.778,56.65,0.1333,4710.0,0.0131,0.518,,7.915,284.415675,53.5090244,24.7359,15.548,205.0,2.0
WASP-43 b,WASP-43,PhaseC,GTO 1224,Archived,NASA 6.5m James Webb Space Telescope (JWST),NIRSpec,BOTS,G395H,28.57,"May 14, 2023 09:03:30","May 15, 2023 10:04:44",0.813475,0.0142,10.424,0.93,565.714,1.78,Mass,2.939,0.0,680.8953,1426.7,82.6,2.55,1.1592,4400.0,0.6,0.58,-0.05,4.65,154.9081869,-9.8064431,86.7467,9.267,91.5,348.0
WASP-43 b,WASP-43,PhaseC,ERS 1366,Archived,NASA 6.5m James Webb Space Telescope (JWST),MIRI,LRS,N/A,31.82,"Nov 30, 2022 23:36:01","Dec 2, 2022 03:25:16",0.813475,0.0142,10.424,0.93,565.714,1.78,Mass,2.939,0.0,680.8953,1426.7,82.6,2.55,1.1592,4400.0,0.6,0.58,-0.05,4.65,154.9081869,-9.8064431,86.7467,9.267,91.5,348.0
HAT-P-1 b,HAT-P-1,Eclipse,GTO 1201,Archived,NASA 6.5m James Webb Space Telescope (JWST),NIRISS,SOSS,N/A,8.37,"Jul 12, 2022 22:39:34","Jul 13, 2022 06:21:30",4.46529976,0.05561,14.784671,1.319,166.86075,0.525,Mass,0.282,0.0,259.687,1322.0,85.634,1.444,2.85,5980.0,1.174,1.151,0.13,4.359,344.4453632,38.674919,158.979,8.858,315.0,134.0
HAT-P-1 b,HAT-P-1,Transit,GTO 1201,Archived,NASA 6.5m James Webb Space Telescope (JWST),NIRISS,SOSS,N/A,8.46,"Jul 20, 2023 19:52:28","Jul 21, 2023 03:06:14",4.46529976,0.05561,14.784671,1.319,166.86075,0.525,Mass,0.282,0.0,259.687,1322.0,85.634,1.444,2.85,5980.0,1.174,1.151,0.13,4.359,344.4453632,38.674919,158.979,8.858,315.0,134.0
HAT-P-12 b,HAT-P-12,Transit,GTO 1281,Archived,NASA 6.5m James Webb Space Telescope (JWST),NIRISS,SOSS,N/A,8.25,"Jun 20, 2023 05:47:48","Jun 20, 2023 13:18:29",3.2130598,0.0384,10.749,0.959,67.059,0.211,Mass,0.3192,0.0,118.075,963.0,89.0,1.977,2.3376,4650.0,0.701,0.733,-0.29,4.61,209.3886452,43.49331,142.751,10.108,290.0,80.5
HAT-P-12 b,HAT-P-12,Transit,GTO 1281,Archived,NASA 6.5m James Webb Space Telescope (JWST),NIRSpec,BOTS,G395M,8.34,"Feb 11, 2023 17:18:13","Feb 12, 2023 00:54:20",3.2130598,0.0384,10.749,0.959,67.059,0.211,Mass,0.3192,0.0,118.075,963.0,89.0,1.977,2.3376,4650.0,0.701,0.733,-0.29,4.61,209.3886452,43.49331,142.751,10.108,290.0,80.5
HAT-P-12 b,HAT-P-12,Transit,GTO 1281,Archived,NASA 6.5m James Webb Space Telescope (JWST),MIRI,LRS,N/A,8.29,"Jun 7, 2023 09:21:53","Jun 7, 2023 16:54:11",3.2130598,0.0384,10.749,0.959,67.059,0.211,Mass,0.3192,0.0,118.075,963.0,89.0,1.977,2.3376,4650.0,0.701,0.733,-0.29,4.61,209.3886452,43.49331,142.751,10.108,290.0,80.5
HAT-P-26 b,HAT-P-26,Eclipse,GTO 1312,Archived,NASA 6.5m James Webb Space Telescope (JWST),NIRSpec,BOTS,G395H,9.1,"Jul 25, 2023 09:00:04","Jul 25, 2023 16:55:11",4.23452,0.04748,7.06167,0.63,22.2481,0.07,Mass,0.258608,0.12,185.0743,1080.0,88.6,0.54,2.4552,5079.0,0.87,1.12,-0.04,4.56,213.1565508,4.0594175,141.837,9.581,250.0,32.8
WASP-107 b,WASP-107,Transit,GTO 1224,Archived,NASA 6.5m James Webb Space Telescope (JWST),NIRSpec,BOTS,G395H,8.59,"Jun 23, 2023 05:47:09","Jun 23, 2023 13:11:34",5.7214875,0.055,10.48039695,0.935,33.02237149,0.1039,Mass,0.157,0.052,51.0,736.0,89.57,2.5549,2.73864,4425.0,0.657,0.683,0.02,4.633,188.3864277,-10.1462141,64.7414,8.637,910.0,96.2
WASP-107 b,WASP-107,Eclipse,GTO 1201,Archived,NASA 6.5m James Webb Space Telescope (JWST),NIRSpec,BOTS,G395M,10.85,"Jun 26, 2024 08:47:54","Jun 26, 2024 17:55:06",5.7214875,0.055,10.48039695,0.935,33.02237149,0.1039,Mass,0.157,0.052,51.0,736.0,89.57,2.5549,2.73864,4425.0,0.657,0.683,0.02,4.633,188.3864277,-10.1462141,64.7414,8.637,910.0,96.2
WASP-107 b,WASP-107,Transit,GTO 1280,Archived,NASA 6.5m James Webb Space Telescope (JWST),MIRI,LRS,N/A,10.65,"Jan 19, 2023 17:06:22","Jan 20, 2023 02:40:30",5.7214875,0.055,10.48039695,0.935,33.02237149,0.1039,Mass,0.157,0.052,51.0,736.0,89.57,2.5549,2.73864,4425.0,0.657,0.683,0.02,4.633,188.3864277,-10.1462141,64.7414,8.637,910.0,96.2
WASP-107 b,WASP-107,Transit,GTO 1185,Archived,NASA 6.5m James Webb Space Telescope (JWST),NIRCam,GTS,GRISMR+F322W2,9.44,"Jan 14, 2023 00:41:08","Jan 14, 2023 09:12:11",5.7214875,0.055,10.48039695,0.935,33.02237149,0.1039,Mass,0.157,0.052,51.0,736.0,89.57,2.5549,2.73864,4425.0,0.657,0.683,0.02,4.633,188.3864277,-10.1462141,64.7414,8.637,910.0,96.2
WASP-107 b,WASP-107,Eclipse,GTO 1201,Failed - Archived,NASA 6.5m James Webb Space Telescope (JWST),NIRSpec,BOTS,G395H,10.85,"May 28, 2023 19:17:15","May 28, 2023 19:56:51",5.7214875,0.055,10.48039695,0.935,33.02237149,0.1039,Mass,0.157,0.052,51.0,736.0,89.57,2.5549,2.73864,4425.0,0.657,0.683,0.02,4.633,188.3864277,-10.1462141,64.7414,8.637,910.0,96.2
WASP-121 b,WASP-121,PhaseC,GTO 1201,Archived,NASA 6.5m James Webb Space Telescope (JWST),NIRISS,SOSS,N/A,43.85,"Oct 26, 2023 16:33:55","Oct 28, 2023 06:45:13",1.27492504,0.02571,19.52604438,1.742,371.85923619,1.17,Mass,0.275,0.0085,6216.41,2409.0,88.49,1.5018,2.9053,6628.0,1.461,1.33,0.17,4.251,107.6002312,-39.0972705,269.898,9.374,309.0,271.0
WASP-121 b,WASP-121,PhaseC,GO 1729,Archived,NASA 6.5m James Webb Space Telescope (JWST),NIRSpec,BOTS,G395H,44.8,"Oct 14, 2022 07:05:00","Oct 15, 2022 22:00:09",1.27492504,0.02571,19.52604438,1.742,371.85923619,1.17,Mass,0.275,0.0085,6216.41,2409.0,88.49,1.5018,2.9053,6628.0,1.461,1.33,0.17,4.251,107.6002312,-39.0972705,269.898,9.374,309.0,271.0
WASP-127 b,WASP-127,Transit,GTO 1201,Archived,NASA 6.5m James Webb Space Telescope (JWST),NIRISS,SOSS,N/A,11.05,"Dec 3, 2023 07:14:12","Dec 3, 2023 16:29:22",4.17806203,0.0484,14.694999,1.311,52.346601,0.1647,Mass,0.097,0.0,703.971,1400.0,87.84,1.021,4.35288,5620.0,1.333,0.95,-0.193,4.18,160.5587646,-3.8349989,159.507,8.641,834.0,135.0
LTT 1445 A b,LTT 1445 A,Eclipse,GO 2708,Archived,NASA 6.5m James Webb Space Telescope (JWST),MIRI,LRS,N/A,5.45,"Aug 5, 2023 16:21:10","Aug 5, 2023 21:26:22",5.3587635,0.0381,1.34,0.119547,2.73,0.00858954,Mass,6.2,0.18,5.7,431.0,89.53,0.23,1.366,3562.0,0.271,0.257,-0.34,4.97389,45.4624781,-16.5944956,6.86929,6.496,34.2,5.6
LTT 1445 A b,LTT 1445 A,Transit,GO 2512,Archived,NASA 6.5m James Webb Space Telescope (JWST),NIRSpec,BOTS,G395H,6.3,"Aug 3, 2023 00:40:00","Aug 3, 2023 01:28:53",5.3587635,0.0381,1.34,0.119547,2.73,0.00858954,Mass,6.2,0.18,5.7,431.0,89.53,0.23,1.366,3562.0,0.271,0.257,-0.34,4.97389,45.4624781,-16.5944956,6.86929,6.496,34.2,5.6
LTT 1445 A b,LTT 1445 A,Eclipse,GO 2708,Archived,NASA 6.5m James Webb Space Telescope (JWST),MIRI,LRS,N/A,5.45,"Dec 23, 2022 14:39:33","Dec 23, 2022 19:44:30",5.3587635,0.0381,1.34,0.119547,2.73,0.00858954,Mass,6.2,0.18,5.7,431.0,89.53,0.23,1.366,3562.0,0.271,0.257,-0.34,4.97389,45.4624781,-16.5944956,6.86929,6.496,34.2,5.6
LTT 1445 A b,LTT 1445 A,Eclipse,GO 2708,Archived,NASA 6.5m James Webb Space Telescope (JWST),MIRI,LRS,N/A,8.0,"Aug 27, 2022 16:01:50","Aug 27, 2022 23:25:34",5.3587635,0.0381,1.34,0.119547,2.73,0.00858954,Mass,6.2,0.18,5.7,431.0,89.53,0.23,1.366,3562.0,0.271,0.257,-0.34,4.97389,45.4624781,-16.5944956,6.86929,6.496,34.2,5.6
LTT 1445 A b,LTT 1445 A,Transit,GO 2512,Archived,NASA 6.5m James Webb Space Telescope (JWST),NIRSpec,BOTS,G395H,6.29,"Sep 1, 2025 22:37:46","Sep 2, 2025 04:43:42",5.3587635,0.0381,1.34,0.119547,2.73,0.00858954,Mass,6.2,0.18,5.7,431.0,89.53,0.23,1.366,3562.0,0.271,0.257,-0.34,4.97389,45.4624781,-16.5944956,6.86929,6.496,34.2,5.6
LTT 1445 A b,LTT 1445 A,Transit,GO 2512,Failed - Archived,NASA 6.5m James Webb Space Telescope (JWST),NIRSpec,BOTS,G395H,6.29,"Sep 2, 2024 13:07:21","Sep 2, 2024 17:29:30",5.3587635,0.0381,1.34,0.119547,2.73,0.00858954,Mass,6.2,0.18,5.7,431.0,89.53,0.23,1.366,3562.0,0.271,0.257,-0.34,4.97389,45.4624781,-16.5944956,6.86929,6.496,34.2,5.6
LTT 9779 b,LTT 9779,PhaseC,GTO 1201,Archived,NASA 6.5m James Webb Space Telescope (JWST),NIRISS,SOSS,N/A,26.51,"Jul 7, 2022 00:10:15","Jul 7, 2022 23:30:21",0.792052,0.01679,4.72,0.4210902,29.32,0.09225057,Mass,1.536,0.0,1781.1556,1978.0,76.39,0.15617799,0.3656119,5443.0,0.949,1.02,0.27,4.35,358.6688767,-37.6282237,80.4373,8.016,185.0,66.4
NGTS-10 b,NGTS-10,PhaseC,GO 2158,Archived,NASA 6.5m James Webb Space Telescope (JWST),NIRSpec,BOTS,PRISM,25.14,"Mar 11, 2023 01:57:48","Mar 12, 2023 00:03:24",0.7668944,0.0143,13.89913607,1.24,687.14846,2.162,Mass,1.43,0.0,3716.1785,1508.0,79.4,3.31,1.091,4567.0,0.7,0.696,-0.02,4.595,91.8722801,-25.5948963,324.69865036,11.728,46.0,154.0
GJ 1132 b,GJ 1132,Transit,GO 1981,Archived,NASA 6.5m James Webb Space Telescope (JWST),NIRSpec,BOTS,G395M,4.95,"Jun 5, 2024 05:02:24","Jun 5, 2024 09:51:30",1.62892911,0.0157,1.19151465,0.1063,1.83704819,0.00578,Mass,5.97,0.0118,19.3,583.8,88.16,0.2443,0.76646,3229.0,0.2211,0.1945,-0.17,5.037,153.7090696,-47.1549358,12.613,8.322,29.6,9.8
GJ 1132 b,GJ 1132,Transit,GO 1981,Archived,NASA 6.5m James Webb Space Telescope (JWST),NIRSpec,BOTS,G395H,4.62,"Mar 5, 2023 11:35:55","Mar 5, 2023 15:58:32",1.62892911,0.0157,1.19151465,0.1063,1.83704819,0.00578,Mass,5.97,0.0118,19.3,583.8,88.16,0.2443,0.76646,3229.0,0.2211,0.1945,-0.17,5.037,153.7090696,-47.1549358,12.613,8.322,29.6,9.8
GJ 1132 b,GJ 1132,Transit,GO 1981,Archived,NASA 6.5m James Webb Space Telescope (JWST),NIRSpec,BOTS,G395H,4.62,"Feb 25, 2023 08:07:53","Feb 25, 2023 12:30:30",1.62892911,0.0157,1.19151465,0.1063,1.83704819,0.00578,Mass,5.97,0.0118,19.3,583.8,88.16,0.2443,0.76646,3229.0,0.2211,0.1945,-0.17,5.037,153.7090696,-47.1549358,12.613,8.322,29.6,9.8
GJ 1132 b,GJ 1132,Transit,GO 1981,Archived,NASA 6.5m James Webb Space Telescope (JWST),NIRSpec,BOTS,G395M,4.6,"Feb 8, 2024 22:07:45","Feb 9, 2024 02:40:58",1.62892911,0.0157,1.19151465,0.1063,1.83704819,0.00578,Mass,5.97,0.0118,19.3,583.8,88.16,0.2443,0.76646,3229.0,0.2211,0.1945,-0.17,5.037,153.7090696,-47.1549358,12.613,8.322,29.6,9.8
GJ 1132 b,GJ 1132,Eclipse,GTO 1274,Archived,NASA 6.5m James Webb Space Telescope (JWST),MIRI,LRS,N/A,6.42,"Jul 1, 2023 12:50:50","Jul 1, 2023 18:46:33",1.62892911,0.0157,1.19151465,0.1063,1.83704819,0.00578,Mass,5.97,0.0118,19.3,583.8,88.16,0.2443,0.76646,3229.0,0.2211,0.1945,-0.17,5.037,153.7090696,-47.1549358,12.613,8.322,29.6,9.8
GJ 1214 b,GJ 1214,Transit,GTO 1185,Archived,NASA 6.5m James Webb Space Telescope (JWST),NIRSpec,BOTS,G395H,6.37,"Jul 19, 2023 20:15:24","Jul 20, 2023 02:08:28",1.580404531,0.01505,2.733,0.24382235,8.41,0.02646082,Mass,2.26,0.0062,17.2,567.0,88.98,1.343,0.86966,3101.0,0.2162,0.182,0.24,5.0286,258.8313991,4.9606795,14.6427,8.782,416.0,41.8
GJ 1214 b,GJ 1214,PhaseC,GO 1803,Archived,NASA 6.5m James Webb Space Telescope (JWST),MIRI,LRS,N/A,48.61,"Jul 20, 2022 13:58:41","Jul 22, 2022 08:21:50",1.580404531,0.01505,2.733,0.24382235,8.41,0.02646082,Mass,2.26,0.0062,17.2,567.0,88.98,1.343,0.86966,3101.0,0.2162,0.182,0.24,5.0286,258.8313991,4.9606795,14.6427,8.782,416.0,41.8
GJ 1214 b,GJ 1214,Transit,GTO 1185,Archived,NASA 6.5m James Webb Space Telescope (JWST),NIRSpec,BOTS,G395H,6.37,"Jul 18, 2023 06:19:28","Jul 18, 2023 12:12:40",1.580404531,0.01505,2.733,0.24382235,8.41,0.02646082,Mass,2.26,0.0062,17.2,567.0,88.98,1.343,0.86966,3101.0,0.2162,0.182,0.24,5.0286,258.8313991,4.9606795,14.6427,8.782,416.0,41.8
WASP-127 b,WASP-127,Transit,GO 2437,Archived,NASA 6.5m James Webb Space Telescope (JWST),NIRSpec,BOTS,G395H,13.11,"May 8, 2023 07:22:36","May 8, 2023 19:03:55",4.17806203,0.0484,14.694999,1.311,52.346601,0.1647,Mass,0.097,0.0,703.971,1400.0,87.84,1.021,4.35288,5620.0,1.333,0.95,-0.193,4.18,160.5587646,-3.8349989,159.507,8.641,834.0,135.0
WASP-166 b,WASP-166,Transit,GO 2062,Failed - Archived,NASA 6.5m James Webb Space Telescope (JWST),NIRSpec,BOTS,G395M,11.46,"Nov 28, 2023 10:50:23","Nov 28, 2023 12:12:52",5.44354,0.0641,7.06167,0.63,32.10083,0.101,Mass,0.54,0.0,440.0,1270.0,88.0,0.281,3.6,6050.0,1.22,1.19,0.19,4.34,144.8751047,-20.9824191,114.173,8.032,230.0,37.8
WASP-166 b,WASP-166,Transit,GO 2062,Archived,NASA 6.5m James Webb Space Telescope (JWST),NIRISS,SOSS,N/A,11.5,"Dec 31, 2023 02:28:20","Dec 31, 2023 12:59:55",5.44354,0.0641,7.06167,0.63,32.10083,0.101,Mass,0.54,0.0,440.0,1270.0,88.0,0.281,3.6,6050.0,1.22,1.19,0.19,4.34,144.8751047,-20.9824191,114.173,8.032,230.0,37.8
WASP-166 b,WASP-166,Transit,GO 2062,Archived,NASA 6.5m James Webb Space Telescope (JWST),NIRSpec,BOTS,G395M,11.46,"Jan 16, 2024 11:07:55","Jan 16, 2024 21:01:46",5.44354,0.0641,7.06167,0.63,32.10083,0.101,Mass,0.54,0.0,440.0,1270.0,88.0,0.281,3.6,6050.0,1.22,1.19,0.19,4.34,144.8751047,-20.9824191,114.173,8.032,230.0,37.8
WASP-166 b,WASP-166,Transit,GO 2062,Skipped,NASA 6.5m James Webb Space Telescope (JWST),NIRISS,SOSS,N/A,11.52,N/A,N/A,5.44354,0.0641,7.06167,0.63,32.10083,0.101,Mass,0.54,0.0,440.0,1270.0,88.0,0.281,3.6,6050.0,1.22,1.19,0.19,4.34,144.8751047,-20.9824191,114.173,8.032,230.0,37.8
WASP-17 b,WASP-17,Eclipse,GTO 1353,Archived,NASA 6.5m James Webb Space Telescope (JWST),NIRSpec,BOTS,G395H,12.42,"Apr 2, 2023 11:35:14","Apr 2, 2023 22:41:33",3.73543,0.0515,20.96083,1.87,247.9074,0.78,Mass,0.082,0.0,1292.19,1755.0,86.63,1.7,4.4232,6550.0,1.49,2.28,-0.25,4.2,239.9622479,-28.0617941,405.908,10.224,267.0,129.0
WASP-17 b,WASP-17,Transit,GTO 1353,Failed - Archived,NASA 6.5m James Webb Space Telescope (JWST),NIRISS,SOSS,N/A,12.72,"Feb 18, 2023 12:35:38","Feb 18, 2023 23:57:35",3.73543,0.0515,20.96083,1.87,247.9074,0.78,Mass,0.082,0.0,1292.19,1755.0,86.63,1.7,4.4232,6550.0,1.49,2.28,-0.25,4.2,239.9622479,-28.0617941,405.908,10.224,267.0,129.0
WASP-17 b,WASP-17,Eclipse,GTO 1353,Archived,NASA 6.5m James Webb Space Telescope (JWST),MIRI,LRS,N/A,12.61,"Mar 14, 2023 19:18:44","Mar 15, 2023 06:34:42",3.73543,0.0515,20.96083,1.87,247.9074,0.78,Mass,0.082,0.0,1292.19,1755.0,86.63,1.7,4.4232,6550.0,1.49,2.28,-0.25,4.2,239.9622479,-28.0617941,405.908,10.224,267.0,129.0
WASP-17 b,WASP-17,Transit,GTO 1353,Archived,NASA 6.5m James Webb Space Telescope (JWST),NIRSpec,BOTS,G395H,12.42,"Mar 31, 2023 14:45:54","Apr 1, 2023 01:52:14",3.73543,0.0515,20.96083,1.87,247.9074,0.78,Mass,0.082,0.0,1292.19,1755.0,86.63,1.7,4.4232,6550.0,1.49,2.28,-0.25,4.2,239.9622479,-28.0617941,405.908,10.224,267.0,129.0
HAT-P-26 b,HAT-P-26,Transit,GTO 1312,Archived,NASA 6.5m James Webb Space Telescope (JWST),NIRSpec,BOTS,G395H,7.93,"Jun 15, 2023 02:47:56","Jun 15, 2023 10:05:27",4.23452,0.04748,7.06167,0.63,22.2481,0.07,Mass,0.258608,0.12,185.0743,1080.0,88.6,0.54,2.4552,5079.0,0.87,1.12,-0.04,4.56,213.1565508,4.0594175,141.837,9.581,250.0,32.8
HAT-P-26 b,HAT-P-26,Transit,GTO 1177,Archived,NASA 6.5m James Webb Space Telescope (JWST),MIRI,LRS,N/A,8.84,"Jun 10, 2023 20:36:03","Jun 11, 2023 04:36:46",4.23452,0.04748,7.06167,0.63,22.2481,0.07,Mass,0.258608,0.12,185.0743,1080.0,88.6,0.54,2.4552,5079.0,0.87,1.12,-0.04,4.56,213.1565508,4.0594175,141.837,9.581,250.0,32.8
HAT-P-26 b,HAT-P-26,Eclipse,GTO 1312,Archived,NASA 6.5m James Webb Space Telescope (JWST),MIRI,LRS,N/A,9.5,"Jun 17, 2023 04:59:34","Jun 17, 2023 13:28:28",4.23452,0.04748,7.06167,0.63,22.2481,0.07,Mass,0.258608,0.12,185.0743,1080.0,88.6,0.54,2.4552,5079.0,0.87,1.12,-0.04,4.56,213.1565508,4.0594175,141.837,9.581,250.0,32.8
HAT-P-26 b,HAT-P-26,Transit,GTO 1312,Archived,NASA 6.5m James Webb Space Telescope (JWST),NIRISS,SOSS,N/A,8.07,"Jul 2, 2023 01:15:06","Jul 2, 2023 08:37:01",4.23452,0.04748,7.06167,0.63,22.2481,0.07,Mass,0.258608,0.12,185.0743,1080.0,88.6,0.54,2.4552,5079.0,0.87,1.12,-0.04,4.56,213.1565508,4.0594175,141.837,9.581,250.0,32.8
HAT-P-26 b,HAT-P-26,Eclipse,GTO 1312,Skipped,NASA 6.5m James Webb Space Telescope (JWST),NIRSpec,BOTS,G395H,9.1,N/A,N/A,4.23452,0.04748,7.06167,0.63,22.2481,0.07,Mass,0.258608,0.12,185.0743,1080.0,88.6,0.54,2.4552,5079.0,0.87,1.12,-0.04,4.56,213.1565508,4.0594175,141.837,9.581,250.0,32.8
HATS-72 b,HATS-72,Transit,GO 2594,Archived,NASA 6.5m James Webb Space Telescope (JWST),NIRSpec,BOTS,G395M,8.37,"Nov 14, 2023 23:30:35","Nov 15, 2023 07:06:30",7.3279474,0.066517,8.0973816,0.7224,39.855882,0.1254,Mass,0.411,0.013,49.58,739.3,89.56,1.371,3.08472,4656.1,0.7214,0.7311,0.099,4.5853,339.0258401,-17.0003046,127.589,9.764,179.0,27.0
HD 149026 b,HD 149026,Transit,GTO 1274,Archived,NASA 6.5m James Webb Space Telescope (JWST),NIRCam,GTS,GRISMR+F444W,10.53,"Aug 4, 2022 02:49:38","Aug 4, 2022 12:22:50",2.87589,0.04364,8.29466,0.74,120.7754,0.38,Mass,0.75,0.0,1095.91,1626.0,84.55,0.29,3.14,6179.0,1.41,1.42,0.32,4.37,247.6229827,38.3475349,75.8643,6.819,168.0,102.0
HD 149026 b,HD 149026,Transit,GTO 1274,Archived,NASA 6.5m James Webb Space Telescope (JWST),NIRCam,GTS,GRISMR+F322W2,10.53,"Jul 14, 2022 23:39:18","Jul 15, 2022 09:12:16",2.87589,0.04364,8.29466,0.74,120.7754,0.38,Mass,0.75,0.0,1095.91,1626.0,84.55,0.29,3.14,6179.0,1.41,1.42,0.32,4.37,247.6229827,38.3475349,75.8643,6.819,168.0,102.0
HD 15337 b,HD 15337,Transit,GO 2512,Archived,NASA 6.5m James Webb Space Telescope (JWST),NIRSpec,BOTS,G395H,9.04,"Jul 16, 2023 21:49:04","Jul 17, 2023 06:03:25",4.7559804,0.05245,1.77,0.1579091,6.519,0.02051107,Mass,6.458,0.058,404.5595,1001.0,89.3,0.0344,2.5536,5131.0,0.855,0.829,0.03,4.48,36.8678846,-27.6361171,44.8155,7.044,45.3,5.8
TRAPPIST-1 d,TRAPPIST-1,Transit,GTO 1201,Archived,NASA 6.5m James Webb Space Telescope (JWST),NIRSpec,BOTS,PRISM,4.61,"Nov 5, 2022 14:47:14","Nov 5, 2022 19:14:37",4.049219,0.02227,0.788,0.07030077,0.388,0.00122078,Mass,4.366784,0.00837,1.115,286.2,89.896,0.3676,0.8145,2566.0,0.1192,0.0898,0.052,5.2396,346.6263919,-5.0434618,12.42988881,10.296,25.9,0.3
TRAPPIST-1 e,TRAPPIST-1,Transit,GTO 1331,Archived,NASA 6.5m James Webb Space Telescope (JWST),NIRSpec,BOTS,PRISM,5.65,"Jun 28, 2023 22:00:15","Jun 29, 2023 03:04:34",6.101013,0.02925,0.92,0.08207704,0.692,0.00217728,Mass,4.901605,0.0051,0.646,249.7,89.793,0.5012,0.9293,2566.0,0.1192,0.0898,0.052,5.2396,346.6263919,-5.0434618,12.42988881,10.296,20.1,0.2
TOI-178 b,TOI-178,Transit,GO 2319,Archived,NASA 6.5m James Webb Space Telescope (JWST),NIRSpec,BOTS,G395M,7.37,"Jul 13, 2023 13:58:27","Jul 13, 2023 20:26:54",1.9145601,0.02607,1.2,0.10705701,0.96,0.0030205,Mass,3.142761,,200.1045,1040.0,88.8,0.02766,1.692,4316.0,0.662,0.647,-0.23,4.45,7.3020115,-30.4541159,62.699,8.656,10.8,2.8
TOI-178 d,TOI-178,Transit,GO 2319,Archived,NASA 6.5m James Webb Space Telescope (JWST),NIRSpec,BOTS,G395M,8.42,"Aug 6, 2023 21:50:29","Aug 7, 2023 05:05:41",6.557569,0.0592,2.695,0.24043221,5.2,0.01636103,Mass,1.461108,0.0068,24.9125,690.0,88.58,0.13964,2.346,4316.0,0.662,0.647,-0.23,4.45,7.3020115,-30.4541159,62.699,8.656,99.7,5.4
TOI-178 g,TOI-178,Transit,GO 2319,Archived,NASA 6.5m James Webb Space Telescope (JWST),NIRSpec,BOTS,G395M,8.21,"Nov 11, 2023 02:56:55","Nov 11, 2023 10:15:12",20.71663,0.1275,2.939,0.26220047,4.4,0.01384395,Mass,0.959369,0.00043,19.4978,470.0,88.823,0.16605,2.167,4316.0,0.662,0.647,-0.23,4.45,7.3020115,-30.4541159,62.699,8.656,23.1,1.9
TOI-178 g,TOI-178,Transit,GO 2319,Skipped,NASA 6.5m James Webb Space Telescope (JWST),NIRSpec,BOTS,G395M,8.21,N/A,N/A,20.71663,0.1275,2.939,0.26220047,4.4,0.01384395,Mass,0.959369,0.00043,19.4978,470.0,88.823,0.16605,2.167,4316.0,0.662,0.647,-0.23,4.45,7.3020115,-30.4541159,62.699,8.656,23.1,1.9
LHS 3844 b,LHS 3844,Eclipse,GO 1846,Failed - Archived,NASA 6.5m James Webb Space Telescope (JWST),MIRI,LRS,N/A,4.08,"Aug 18, 2023 06:14:33","Aug 18, 2023 07:31:20",0.462929709,0.00624,1.286,0.11472943,2.37,0.00745685,Mass,6.15,0.0,73.67,816.0,88.9,0.0696,0.5242,3080.0,0.189,0.151,0.22,5.07,340.4962038,-69.1721081,14.8846,9.145001,38.1,28.6
LHS 3844 b,LHS 3844,Eclipse,GO 1846,Archived,NASA 6.5m James Webb Space Telescope (JWST),MIRI,LRS,N/A,4.08,"Sep 30, 2023 08:15:59","Sep 30, 2023 11:55:36",0.462929709,0.00624,1.286,0.11472943,2.37,0.00745685,Mass,6.15,0.0,73.67,816.0,88.9,0.0696,0.5242,3080.0,0.189,0.151,0.22,5.07,340.4962038,-69.1721081,14.8846,9.145001,38.1,28.6
LHS 475 b,LHS 475,Transit,GO 1981,Archived,NASA 6.5m James Webb Space Telescope (JWST),NIRSpec,BOTS,G395H,4.4,"Aug 31, 2022 17:23:06","Aug 31, 2022 21:43:53",2.029088,0.02037,0.991,0.08841125,0.941,0.00296,M-R relationship,5.31,0.0,20.8,586.0,87.194,0.1101,0.725,3300.0,0.2789,0.262,,5.0,290.2379403,-82.5597883,12.4814,7.686,28.8,5.6
LHS 475 b,LHS 475,Transit,GO 1981,Executed,NASA 6.5m James Webb Space Telescope (JWST),NIRSpec,BOTS,G395H,4.53,"Sep 27, 2022 03:06:35","Sep 27, 2022 03:47:40",2.029088,0.02037,0.991,0.08841125,0.941,0.00296,M-R relationship,5.31,0.0,20.8,586.0,87.194,0.1101,0.725,3300.0,0.2789,0.262,,5.0,290.2379403,-82.5597883,12.4814,7.686,28.8,5.6
LHS 475 b,LHS 475,Transit,GO 1981,Archived,NASA 6.5m James Webb Space Telescope (JWST),NIRSpec,BOTS,G395H,4.4,"Sep 4, 2022 18:47:08","Sep 4, 2022 23:04:51",2.029088,0.02037,0.991,0.08841125,0.941,0.00296,M-R relationship,5.31,0.0,20.8,586.0,87.194,0.1101,0.725,3300.0,0.2789,0.262,,5.0,290.2379403,-82.5597883,12.4814,7.686,28.8,5.6
LHS 475 b,LHS 475,Transit,GO 1981,Skipped,NASA 6.5m James Webb Space Telescope (JWST),NIRSpec,BOTS,G395H,4.4,N/A,N/A,2.029088,0.02037,0.991,0.08841125,0.941,0.00296,M-R relationship,5.31,0.0,20.8,586.0,87.194,0.1101,0.725,3300.0,0.2789,0.262,,5.0,290.2379403,-82.5597883,12.4814,7.686,28.8,5.6
LP 791-18 c,LP 791-18,Transit,GTO 1201,Archived,NASA 6.5m James Webb Space Telescope (JWST),NIRSpec,BOTS,PRISM,5.22,"Jun 17, 2023 16:21:45","Jun 17, 2023 21:15:16",4.98991,0.02961,2.488,0.22196488,7.16,0.02252788,Mass,2.56,0.0001,2.637,324.4,89.94,1.89314106,1.167,2960.0,0.182,0.139,-0.09,5.115,165.6904843,-16.4064445,26.4927,10.644,129.0,2.1
TRAPPIST-1 e,TRAPPIST-1,Transit,GTO 1331,Skipped,NASA 6.5m James Webb Space Telescope (JWST),NIRSpec,BOTS,PRISM,5.65,N/A,N/A,6.101013,0.02925,0.92,0.08207704,0.692,0.00217728,Mass,4.901605,0.0051,0.646,249.7,89.793,0.5012,0.9293,2566.0,0.1192,0.0898,0.052,5.2396,346.6263919,-5.0434618,12.42988881,10.296,20.1,0.2
TRAPPIST-1 e,TRAPPIST-1,Transit,GTO 1331,Archived,NASA 6.5m James Webb Space Telescope (JWST),NIRSpec,BOTS,PRISM,5.65,"Jul 23, 2023 07:32:28","Jul 23, 2023 12:22:22",6.101013,0.02925,0.92,0.08207704,0.692,0.00217728,Mass,4.901605,0.0051,0.646,249.7,89.793,0.5012,0.9293,2566.0,0.1192,0.0898,0.052,5.2396,346.6263919,-5.0434618,12.42988881,10.296,20.1,0.2
TRAPPIST-1 e,TRAPPIST-1,Transit,GTO 1331,Archived,NASA 6.5m James Webb Space Telescope (JWST),NIRSpec,BOTS,PRISM,5.65,"Jun 22, 2023 19:07:45","Jun 23, 2023 00:35:02",6.101013,0.02925,0.92,0.08207704,0.692,0.00217728,Mass,4.901605,0.0051,0.646,249.7,89.793,0.5012,0.9293,2566.0,0.1192,0.0898,0.052,5.2396,346.6263919,-5.0434618,12.42988881,10.296,20.1,0.2
TRAPPIST-1 e,TRAPPIST-1,Transit,GTO 1331,Archived,NASA 6.5m James Webb Space Telescope (JWST),NIRSpec,BOTS,PRISM,5.65,"Oct 28, 2023 21:53:04","Oct 29, 2023 02:39:50",6.101013,0.02925,0.92,0.08207704,0.692,0.00217728,Mass,4.901605,0.0051,0.646,249.7,89.793,0.5012,0.9293,2566.0,0.1192,0.0898,0.052,5.2396,346.6263919,-5.0434618,12.42988881,10.296,20.1,0.2
TRAPPIST-1 f,TRAPPIST-1,Transit,GTO 1201,Archived,NASA 6.5m James Webb Space Telescope (JWST),NIRISS,SOSS,N/A,5.03,"Oct 28, 2022 08:59:03","Oct 28, 2022 13:48:06",9.20754,0.03849,1.045,0.09322882,1.039,0.00326906,Mass,5.022904,0.01007,0.373,217.7,89.74,0.6465,1.048,2566.0,0.1192,0.0898,0.052,5.2396,346.6263919,-5.0434618,12.42988881,10.296,17.1,0.1
TRAPPIST-1 f,TRAPPIST-1,Transit,GTO 1201,Archived,NASA 6.5m James Webb Space Telescope (JWST),NIRISS,SOSS,N/A,5.13,"Jun 15, 2023 12:35:02","Jun 15, 2023 17:24:06",9.20754,0.03849,1.045,0.09322882,1.039,0.00326906,Mass,5.022904,0.01007,0.373,217.7,89.74,0.6465,1.048,2566.0,0.1192,0.0898,0.052,5.2396,346.6263919,-5.0434618,12.42988881,10.296,17.1,0.1
TRAPPIST-1 f,TRAPPIST-1,Transit,GTO 1201,Archived,NASA 6.5m James Webb Space Telescope (JWST),NIRISS,SOSS,N/A,5.13,"Jun 24, 2023 18:37:49","Jun 24, 2023 22:54:08",9.20754,0.03849,1.045,0.09322882,1.039,0.00326906,Mass,5.022904,0.01007,0.373,217.7,89.74,0.6465,1.048,2566.0,0.1192,0.0898,0.052,5.2396,346.6263919,-5.0434618,12.42988881,10.296,17.1,0.1
TRAPPIST-1 f,TRAPPIST-1,Transit,GTO 1201,Archived,NASA 6.5m James Webb Space Telescope (JWST),NIRISS,SOSS,N/A,5.13,"Jul 3, 2023 23:08:18","Jul 4, 2023 03:16:46",9.20754,0.03849,1.045,0.09322882,1.039,0.00326906,Mass,5.022904,0.01007,0.373,217.7,89.74,0.6465,1.048,2566.0,0.1192,0.0898,0.052,5.2396,346.6263919,-5.0434618,12.42988881,10.296,17.1,0.1
TRAPPIST-1 f,TRAPPIST-1,Transit,GTO 1201,Archived,NASA 6.5m James Webb Space Telescope (JWST),NIRISS,SOSS,N/A,5.13,"Jul 22, 2023 09:05:11","Jul 22, 2023 13:25:36",9.20754,0.03849,1.045,0.09322882,1.039,0.00326906,Mass,5.022904,0.01007,0.373,217.7,89.74,0.6465,1.048,2566.0,0.1192,0.0898,0.052,5.2396,346.6263919,-5.0434618,12.42988881,10.296,17.1,0.1
TRAPPIST-1 g,TRAPPIST-1,Transit,GO 2589,Skipped,NASA 6.5m James Webb Space Telescope (JWST),NIRSpec,BOTS,PRISM,6.71,N/A,N/A,12.352446,0.04683,1.129,0.10072281,1.321,0.00415633,Mass,5.055986,0.00208,0.252,197.3,89.742,0.7555,1.137,2566.0,0.1192,0.0898,0.052,5.2396,346.6263919,-5.0434618,12.42988881,10.296,15.4,0.0
TRAPPIST-1 g,TRAPPIST-1,Transit,GO 2589,Archived,NASA 6.5m James Webb Space Telescope (JWST),NIRSpec,BOTS,PRISM,6.71,"Jul 17, 2022 03:35:50","Jul 17, 2022 09:43:23",12.352446,0.04683,1.129,0.10072281,1.321,0.00415633,Mass,5.055986,0.00208,0.252,197.3,89.742,0.7555,1.137,2566.0,0.1192,0.0898,0.052,5.2396,346.6263919,-5.0434618,12.42988881,10.296,15.4,0.0
TRAPPIST-1 g,TRAPPIST-1,Transit,GO 2589,Archived,NASA 6.5m James Webb Space Telescope (JWST),NIRSpec,BOTS,PRISM,6.74,"Dec 12, 2022 08:45:33","Dec 12, 2022 14:57:48",12.352446,0.04683,1.129,0.10072281,1.321,0.00415633,Mass,5.055986,0.00208,0.252,197.3,89.742,0.7555,1.137,2566.0,0.1192,0.0898,0.052,5.2396,346.6263919,-5.0434618,12.42988881,10.296,15.4,0.0
TRAPPIST-1 h,TRAPPIST-1,Transit,GO 1981,Archived,NASA 6.5m James Webb Space Telescope (JWST),NIRSpec,BOTS,PRISM,5.67,"Dec 11, 2023 04:39:31","Dec 11, 2023 10:08:21",18.772866,0.06189,0.755,0.0673567,0.326,0.00102571,Mass,4.16278,0.00567,0.144,171.7,89.805,0.3375,1.269,2566.0,0.1192,0.0898,0.052,5.2396,346.6263919,-5.0434618,12.42988881,10.296,16.2,0.0
TRAPPIST-1 h,TRAPPIST-1,Transit,GO 1981,Archived,NASA 6.5m James Webb Space Telescope (JWST),NIRSpec,BOTS,PRISM,5.67,"Jul 14, 2023 02:34:34","Jul 14, 2023 07:33:41",18.772866,0.06189,0.755,0.0673567,0.326,0.00102571,Mass,4.16278,0.00567,0.144,171.7,89.805,0.3375,1.269,2566.0,0.1192,0.0898,0.052,5.2396,346.6263919,-5.0434618,12.42988881,10.296,16.2,0.0
V1298 Tau b,V1298 Tau,Transit,GO 2149,Archived,NASA 6.5m James Webb Space Telescope (JWST),NIRSpec,BOTS,G395H,14.71,"Feb 12, 2023 04:04:41","Feb 12, 2023 16:54:02",24.140006,0.1685,9.41,0.83950542,13.1,0.04121721,Mass,0.09,0.0079,33.2,666.0,88.759,0.5,6.45,4970.0,1.32,1.1,0.1,4.227,61.331654,20.1570318,108.199,8.094,512.0,16.3
V1298 Tau c,V1298 Tau,Transit,GO 2149,Archived,NASA 6.5m James Webb Space Telescope (JWST),NIRSpec,BOTS,G395H,17.12,"Jan 14, 2023 17:49:26","Jan 14, 2023 18:31:08",8.249164,0.0824,5.08,0.45320802,4.7,0.01478785,Mass,0.2,0.0094,146.0,953.0,88.49,,4.89,4970.0,1.32,1.1,0.1,4.227,61.331654,20.1570318,108.199,8.094,321.0,11.6
WASP-107 b,WASP-107,Transit,GTO 1185,Archived,NASA 6.5m James Webb Space Telescope (JWST),NIRCam,GTS,GRISMR+F444W,9.43,"Jul 4, 2023 16:21:00","Jul 5, 2023 00:55:03",5.7214875,0.055,10.48039695,0.935,33.02237149,0.1039,Mass,0.157,0.052,51.0,736.0,89.57,2.5549,2.73864,4425.0,0.657,0.683,0.02,4.633,188.3864277,-10.1462141,64.7414,8.637,910.0,96.2
WASP-107 b,WASP-107,Transit,GTO 1201,Archived,NASA 6.5m James Webb Space Telescope (JWST),NIRISS,SOSS,N/A,8.26,"Jun 11, 2023 18:55:22","Jun 12, 2023 02:26:05",5.7214875,0.055,10.48039695,0.935,33.02237149,0.1039,Mass,0.157,0.052,51.0,736.0,89.57,2.5549,2.73864,4425.0,0.657,0.683,0.02,4.633,188.3864277,-10.1462141,64.7414,8.637,910.0,96.2
HD 15337 c,HD 15337,Transit,GO 2512,Archived,NASA 6.5m James Webb Space Telescope (JWST),NIRSpec,BOTS,G395H,7.8,"Aug 27, 2023 10:25:37","Aug 27, 2023 17:33:13",17.180546,0.1235,2.526,0.22535501,6.792,0.02137002,Mass,2.303,0.096,45.0685,656.1,88.41,0.0758,2.232,5131.0,0.855,0.829,0.03,4.48,36.8678846,-27.6361171,44.8155,7.044,82.8,4.2
HD 15337 c,HD 15337,Transit,GO 2512,Archived,NASA 6.5m James Webb Space Telescope (JWST),NIRSpec,BOTS,G395H,7.8,"Jul 24, 2023 04:05:54","Jul 24, 2023 10:39:13",17.180546,0.1235,2.526,0.22535501,6.792,0.02137002,Mass,2.303,0.096,45.0685,656.1,88.41,0.0758,2.232,5131.0,0.855,0.829,0.03,4.48,36.8678846,-27.6361171,44.8155,7.044,82.8,4.2
HD 189733 b,HD 189733,Transit,GO 2001,Archived,NASA 6.5m James Webb Space Telescope (JWST),MIRI,LRS,N/A,6.4,"Sep 16, 2022 12:20:00","Sep 16, 2022 18:19:04",2.21857567,0.03126,12.66617,1.13,359.1479,1.13,Mass,0.943,0.0,356.0,1209.0,85.71,2.4,1.8233621,5052.0,0.75,0.79,-0.02,4.49,300.1821223,22.7097759,19.7638,5.541,853.0,1150.0
HD 189733 b,HD 189733,Transit,GO 1633,Archived,NASA 6.5m James Webb Space Telescope (JWST),NIRCam,GTS,GRISMR+F444W,7.85,"Aug 25, 2022 06:56:04","Aug 25, 2022 14:10:33",2.21857567,0.03126,12.66617,1.13,359.1479,1.13,Mass,0.943,0.0,356.0,1209.0,85.71,2.4,1.8233621,5052.0,0.75,0.79,-0.02,4.49,300.1821223,22.7097759,19.7638,5.541,853.0,1150.0
HD 189733 b,HD 189733,Eclipse,GO 2021,Failed - Archived,NASA 6.5m James Webb Space Telescope (JWST),MIRI,LRS,N/A,6.22,"Sep 24, 2022 07:48:01","Sep 24, 2022 13:07:54",2.21857567,0.03126,12.66617,1.13,359.1479,1.13,Mass,0.943,0.0,356.0,1209.0,85.71,2.4,1.8233621,5052.0,0.75,0.79,-0.02,4.49,300.1821223,22.7097759,19.7638,5.541,853.0,1150.0
HD 189733 b,HD 189733,Transit,GO 1633,Archived,NASA 6.5m James Webb Space Telescope (JWST),MIRI,MRS,N/A,7.98,"Aug 23, 2022 01:35:56","Aug 23, 2022 08:56:55",2.21857567,0.03126,12.66617,1.13,359.1479,1.13,Mass,0.943,0.0,356.0,1209.0,85.71,2.4,1.8233621,5052.0,0.75,0.79,-0.02,4.49,300.1821223,22.7097759,19.7638,5.541,853.0,1150.0
HD 189733 b,HD 189733,Eclipse,GTO 1274,Archived,NASA 6.5m James Webb Space Telescope (JWST),NIRCam,GTS,GRISMR+F322W2,7.44,"Aug 26, 2022 09:44:57","Aug 26, 2022 16:35:39",2.21857567,0.03126,12.66617,1.13,359.1479,1.13,Mass,0.943,0.0,356.0,1209.0,85.71,2.4,1.8233621,5052.0,0.75,0.79,-0.02,4.49,300.1821223,22.7097759,19.7638,5.541,853.0,1150.0
HD 189733 b,HD 189733,Eclipse,GO 2021,Archived,NASA 6.5m James Webb Space Telescope (JWST),MIRI,LRS,N/A,6.34,"Jun 30, 2023 19:49:47","Jul 1, 2023 01:41:22",2.21857567,0.03126,12.66617,1.13,359.1479,1.13,Mass,0.943,0.0,356.0,1209.0,85.71,2.4,1.8233621,5052.0,0.75,0.79,-0.02,4.49,300.1821223,22.7097759,19.7638,5.541,853.0,1150.0
HD 189733 b,HD 189733,Eclipse,GTO 1185,Archived,NASA 6.5m James Webb Space Telescope (JWST),NIRCam,GTS,GRISMR+F444W,7.39,"Sep 28, 2022 16:28:29","Sep 28, 2022 23:19:08",2.21857567,0.03126,12.66617,1.13,359.1479,1.13,Mass,0.943,0.0,356.0,1209.0,85.71,2.4,1.8233621,5052.0,0.75,0.79,-0.02,4.49,300.1821223,22.7097759,19.7638,5.541,853.0,1150.0
HD 189733 b,HD 189733,Eclipse,GO 2021,Archived,NASA 6.5m James Webb Space Telescope (JWST),MIRI,LRS,N/A,6.22,"Oct 18, 2022 16:38:42","Oct 18, 2022 22:29:04",2.21857567,0.03126,12.66617,1.13,359.1479,1.13,Mass,0.943,0.0,356.0,1209.0,85.71,2.4,1.8233621,5052.0,0.75,0.79,-0.02,4.49,300.1821223,22.7097759,19.7638,5.541,853.0,1150.0
HD 189733 b,HD 189733,Transit,GO 1633,Archived,NASA 6.5m James Webb Space Telescope (JWST),NIRCam,GTS,GRISMR+F322W2,7.81,"Aug 29, 2022 17:24:45","Aug 30, 2022 00:37:27",2.21857567,0.03126,12.66617,1.13,359.1479,1.13,Mass,0.943,0.0,356.0,1209.0,85.71,2.4,1.8233621,5052.0,0.75,0.79,-0.02,4.49,300.1821223,22.7097759,19.7638,5.541,853.0,1150.0
HD 189733 b,HD 189733,Transit,GO 1633,Archived,NASA 6.5m James Webb Space Telescope (JWST),MIRI,MRS,N/A,8.07,"May 31, 2023 20:10:52","Jun 1, 2023 03:14:13",2.21857567,0.03126,12.66617,1.13,359.1479,1.13,Mass,0.943,0.0,356.0,1209.0,85.71,2.4,1.8233621,5052.0,0.75,0.79,-0.02,4.49,300.1821223,22.7097759,19.7638,5.541,853.0,1150.0
HD 189733 b,HD 189733,Transit,GO 1633,Archived,NASA 6.5m James Webb Space Telescope (JWST),MIRI,MRS,N/A,8.07,"Apr 24, 2023 02:44:39","Apr 24, 2023 10:07:14",2.21857567,0.03126,12.66617,1.13,359.1479,1.13,Mass,0.943,0.0,356.0,1209.0,85.71,2.4,1.8233621,5052.0,0.75,0.79,-0.02,4.49,300.1821223,22.7097759,19.7638,5.541,853.0,1150.0
HD 209458 b,HD 209458,Transit,GTO 1274,Archived,NASA 6.5m James Webb Space Telescope (JWST),NIRCam,GTS,GRISMR+F444W,10.3,"Nov 6, 2022 11:08:00","Nov 6, 2022 20:25:29",3.52474859,0.04707,15.58051,1.39,232.0159,0.73,Mass,0.362,0.0,587.098,1459.0,86.71,1.5,3.072,6091.0,1.19,1.23,0.01,4.45,330.7950219,18.8842419,48.3016,6.308,928.0,544.0
HD 209458 b,HD 209458,Transit,GO 2667,Archived,NASA 6.5m James Webb Space Telescope (JWST),MIRI,LRS,N/A,9.37,"Jul 14, 2023 14:26:35","Jul 14, 2023 22:50:43",3.52474859,0.04707,15.58051,1.39,232.0159,0.73,Mass,0.362,0.0,587.098,1459.0,86.71,1.5,3.072,6091.0,1.19,1.23,0.01,4.45,330.7950219,18.8842419,48.3016,6.308,928.0,544.0
HD 209458 b,HD 209458,Transit,GO 2667,Skipped,NASA 6.5m James Webb Space Telescope (JWST),MIRI,LRS,N/A,9.37,N/A,N/A,3.52474859,0.04707,15.58051,1.39,232.0159,0.73,Mass,0.362,0.0,587.098,1459.0,86.71,1.5,3.072,6091.0,1.19,1.23,0.01,4.45,330.7950219,18.8842419,48.3016,6.308,928.0,544.0
HD 209458 b,HD 209458,Transit,GTO 1274,Archived,NASA 6.5m James Webb Space Telescope (JWST),NIRCam,GTS,GRISMR+F322W2,10.31,"Nov 9, 2022 23:55:18","Nov 10, 2022 08:56:41",3.52474859,0.04707,15.58051,1.39,232.0159,0.73,Mass,0.362,0.0,587.098,1459.0,86.71,1.5,3.072,6091.0,1.19,1.23,0.01,4.45,330.7950219,18.8842419,48.3016,6.308,928.0,544.0
HD 80606 b,HD 80606,PhaseC,GO 2008,Archived,NASA 6.5m James Webb Space Telescope (JWST),MIRI,LRS,N/A,26.04,"Apr 10, 2025 16:03:58","Apr 11, 2025 15:12:49",111.436765,0.4603,11.56766808,1.032,1323.46926959,4.1641,Mass,5.08,0.93183,4.6941,405.0,89.24,1.019,11.98,5565.0,1.05,1.05,0.35,4.42,140.6569501,50.6037764,66.4711,7.316,14.2,8.5
HD 80606 b,HD 80606,Eclipse,GO 2488,Archived,NASA 6.5m James Webb Space Telescope (JWST),NIRSpec,BOTS,G395H,25.11,"Nov 1, 2022 05:04:55","Nov 2, 2022 03:12:43",111.436765,0.4603,11.56766808,1.032,1323.46926959,4.1641,Mass,5.08,0.93183,4.6941,405.0,89.24,1.019,11.98,5565.0,1.05,1.05,0.35,4.42,140.6569501,50.6037764,66.4711,7.316,14.2,8.5
HIP 67522 b,HIP 67522,Transit,GO 2498,Archived,NASA 6.5m James Webb Space Telescope (JWST),NIRSpec,BOTS,G395H,8.95,"Feb 27, 2023 02:23:15","Feb 27, 2023 10:30:04",6.9594731,0.0748,9.9872018,0.891,13.8,0.04341966,Mass,0.0761,0.064,341.0878,1175.0,89.88,0.44,4.85,5675.0,1.38,1.22,0.0,4.0,207.526001,-40.8358961,127.28,8.164,982.0,51.9
K2-141 b,K2-141,PhaseC,GO 2159,Archived,NASA 6.5m James Webb Space Telescope (JWST),NIRSpec,BOTS,G395H,14.91,"Jul 5, 2023 06:05:28","Jul 5, 2023 18:46:45",0.2803244,0.00747,1.51,0.13471341,4.97,0.01563737,Mass,7.93,0.0,3260.0,2103.0,86.3,0.0507,0.94,4570.0,0.681,0.708,0.0,4.62,350.9170464,-1.1891827,61.8736,8.401,60.3,15.0
K2-141 b,K2-141,PhaseC,GO 2347,Archived,NASA 6.5m James Webb Space Telescope (JWST),MIRI,LRS,N/A,25.12,"Jun 8, 2023 03:12:47","Jun 9, 2023 01:08:53",0.2803244,0.00747,1.51,0.13471341,4.97,0.01563737,Mass,7.93,0.0,3260.0,2103.0,86.3,0.0507,0.94,4570.0,0.681,0.708,0.0,4.62,350.9170464,-1.1891827,61.8736,8.401,60.3,15.0
K2-18 b,K2-18,Transit,GO 2722,Archived,NASA 6.5m James Webb Space Telescope (JWST),MIRI,LRS,N/A,7.86,"Apr 25, 2024 21:51:08","Apr 26, 2024 05:05:42",32.939623,0.1429,2.37,0.21143724,8.92,0.02806532,Mass,4.11,0.2,1.005,284.0,89.5785,0.3098,2.682,3457.0,0.411,0.359,0.12,4.7864,172.560141,7.5878315,38.0266,8.899,35.3,0.3
K2-18 b,K2-18,Transit,GO 2722,Archived,NASA 6.5m James Webb Space Telescope (JWST),NIRISS,SOSS,N/A,6.94,"Jun 1, 2023 13:49:20","Jun 1, 2023 19:36:05",32.939623,0.1429,2.37,0.21143724,8.92,0.02806532,Mass,4.11,0.2,1.005,284.0,89.5785,0.3098,2.682,3457.0,0.411,0.359,0.12,4.7864,172.560141,7.5878315,38.0266,8.899,35.3,0.3
K2-18 b,K2-18,Transit,GO 2372,Archived,NASA 6.5m James Webb Space Telescope (JWST),NIRSpec,BOTS,G395H,11.34,"Dec 9, 2025 18:42:56","Dec 10, 2025 05:09:53",32.939623,0.1429,2.37,0.21143724,8.92,0.02806532,Mass,4.11,0.2,1.005,284.0,89.5785,0.3098,2.682,3457.0,0.411,0.359,0.12,4.7864,172.560141,7.5878315,38.0266,8.899,35.3,0.3
K2-18 b,K2-18,Transit,GO 2372,Archived,NASA 6.5m James Webb Space Telescope (JWST),NIRSpec,BOTS,G395H,11.34,"May 26, 2025 03:27:31","May 26, 2025 13:45:13",32.939623,0.1429,2.37,0.21143724,8.92,0.02806532,Mass,4.11,0.2,1.005,284.0,89.5785,0.3098,2.682,3457.0,0.411,0.359,0.12,4.7864,172.560141,7.5878315,38.0266,8.899,35.3,0.3
K2-18 b,K2-18,Transit,GO 2372,Failed - Archived,NASA 6.5m James Webb Space Telescope (JWST),NIRSpec,BOTS,G395H,11.35,"Apr 29, 2023 12:36:52","Apr 29, 2023 13:11:33",32.939623,0.1429,2.37,0.21143724,8.92,0.02806532,Mass,4.11,0.2,1.005,284.0,89.5785,0.3098,2.682,3457.0,0.411,0.359,0.12,4.7864,172.560141,7.5878315,38.0266,8.899,35.3,0.3
K2-18 b,K2-18,Transit,GO 2372,Archived,NASA 6.5m James Webb Space Telescope (JWST),NIRSpec,BOTS,G235H,11.34,"Jan 14, 2025 09:01:21","Jan 14, 2025 19:28:17",32.939623,0.1429,2.37,0.21143724,8.92,0.02806532,Mass,4.11,0.2,1.005,284.0,89.5785,0.3098,2.682,3457.0,0.411,0.359,0.12,4.7864,172.560141,7.5878315,38.0266,8.899,35.3,0.3
K2-18 b,K2-18,Transit,GO 2372,Archived,NASA 6.5m James Webb Space Telescope (JWST),NIRSpec,BOTS,G395H,11.34,"Dec 12, 2024 10:32:12","Dec 12, 2024 20:58:58",32.939623,0.1429,2.37,0.21143724,8.92,0.02806532,Mass,4.11,0.2,1.005,284.0,89.5785,0.3098,2.682,3457.0,0.411,0.359,0.12,4.7864,172.560141,7.5878315,38.0266,8.899,35.3,0.3
K2-18 b,K2-18,Transit,GO 2372,Archived,NASA 6.5m James Webb Space Telescope (JWST),NIRSpec,BOTS,G395H,11.34,"May 28, 2024 19:18:00","May 29, 2024 05:35:06",32.939623,0.1429,2.37,0.21143724,8.92,0.02806532,Mass,4.11,0.2,1.005,284.0,89.5785,0.3098,2.682,3457.0,0.411,0.359,0.12,4.7864,172.560141,7.5878315,38.0266,8.899,35.3,0.3
K2-18 b,K2-18,Transit,GO 2372,Archived,NASA 6.5m James Webb Space Telescope (JWST),NIRSpec,BOTS,G235H,11.34,"Jan 18, 2024 00:55:09","Jan 18, 2024 11:17:22",32.939623,0.1429,2.37,0.21143724,8.92,0.02806532,Mass,4.11,0.2,1.005,284.0,89.5785,0.3098,2.682,3457.0,0.411,0.359,0.12,4.7864,172.560141,7.5878315,38.0266,8.899,35.3,0.3
K2-18 b,K2-18,Transit,GO 2722,Archived,NASA 6.5m James Webb Space Telescope (JWST),NIRSpec,BOTS,G395H,7.16,"Jan 20, 2023 18:37:38","Jan 21, 2023 01:11:32",32.939623,0.1429,2.37,0.21143724,8.92,0.02806532,Mass,4.11,0.2,1.005,284.0,89.5785,0.3098,2.682,3457.0,0.411,0.359,0.12,4.7864,172.560141,7.5878315,38.0266,8.899,35.3,0.3
TRAPPIST-1 c,TRAPPIST-1,Transit,GO 2589,Archived,NASA 6.5m James Webb Space Telescope (JWST),NIRISS,SOSS,N/A,6.76,"Oct 31, 2023 20:16:59","Nov 1, 2023 02:06:43",2.421937,0.0158,1.097,0.09786795,1.308,0.00411543,Mass,5.463993,0.00654,2.214,339.7,89.778,0.7123,0.7005,2566.0,0.1192,0.0898,0.052,5.2396,346.6263919,-5.0434618,12.42988881,10.296,24.6,1.8
TRAPPIST-1 c,TRAPPIST-1,Eclipse,GO 2304,Archived,NASA 6.5m James Webb Space Telescope (JWST),MIRI,F1500W,N/A,4.48,"Oct 27, 2022 12:55:21","Oct 27, 2022 17:22:35",2.421937,0.0158,1.097,0.09786795,1.308,0.00411543,Mass,5.463993,0.00654,2.214,339.7,89.778,0.7123,0.7005,2566.0,0.1192,0.0898,0.052,5.2396,346.6263919,-5.0434618,12.42988881,10.296,24.6,1.8
TRAPPIST-1 c,TRAPPIST-1,Eclipse,GO 2304,Archived,NASA 6.5m James Webb Space Telescope (JWST),MIRI,F1500W,N/A,4.46,"Oct 29, 2022 23:03:01","Oct 30, 2022 03:22:25",2.421937,0.0158,1.097,0.09786795,1.308,0.00411543,Mass,5.463993,0.00654,2.214,339.7,89.778,0.7123,0.7005,2566.0,0.1192,0.0898,0.052,5.2396,346.6263919,-5.0434618,12.42988881,10.296,24.6,1.8
TRAPPIST-1 c,TRAPPIST-1,Transit,GO 2420,Failed,NASA 6.5m James Webb Space Telescope (JWST),NIRSpec,BOTS,PRISM,6.27,"Nov 17, 2023 18:36:28","Nov 17, 2023 19:11:19",2.421937,0.0158,1.097,0.09786795,1.308,0.00411543,Mass,5.463993,0.00654,2.214,339.7,89.778,0.7123,0.7005,2566.0,0.1192,0.0898,0.052,5.2396,346.6263919,-5.0434618,12.42988881,10.296,24.6,1.8
TRAPPIST-1 c,TRAPPIST-1,Transit,GO 2420,Archived,NASA 6.5m James Webb Space Telescope (JWST),NIRSpec,BOTS,PRISM,6.25,"Jul 11, 2022 18:23:03","Jul 12, 2022 00:05:40",2.421937,0.0158,1.097,0.09786795,1.308,0.00411543,Mass,5.463993,0.00654,2.214,339.7,89.778,0.7123,0.7005,2566.0,0.1192,0.0898,0.052,5.2396,346.6263919,-5.0434618,12.42988881,10.296,24.6,1.8
TRAPPIST-1 c,TRAPPIST-1,Transit,GO 2420,Archived,NASA 6.5m James Webb Space Telescope (JWST),NIRSpec,BOTS,PRISM,6.27,"Oct 29, 2023 09:34:58","Oct 29, 2023 15:30:28",2.421937,0.0158,1.097,0.09786795,1.308,0.00411543,Mass,5.463993,0.00654,2.214,339.7,89.778,0.7123,0.7005,2566.0,0.1192,0.0898,0.052,5.2396,346.6263919,-5.0434618,12.42988881,10.296,24.6,1.8
TOI-421 b,TOI-421,Transit,GO 1935,Archived,NASA 6.5m James Webb Space Telescope (JWST),NIRISS,SOSS,N/A,5.6,"Nov 6, 2023 13:31:05","Nov 6, 2023 18:52:39",5.197576,0.0554,2.64,0.23552543,6.7,0.02108056,Mass,2.040038,0.13,154.57,922.0,85.68,0.04374376,1.09,5291.0,0.866,0.833,-0.044,4.48,81.8532824,-14.2767404,74.7969,8.071,83.1,6.3
LHS 1140 b,LHS 1140,Transit,GO 2334,Archived,NASA 6.5m James Webb Space Telescope (JWST),NIRSpec,BOTS,G235H,7.26,"Jul 5, 2023 19:58:40","Jul 6, 2023 02:37:36",24.73723,0.0946,1.73,0.15434053,5.6,0.01761957,Mass,5.9,0.043,0.43,226.0,89.86,0.538,2.15,3096.0,0.2159,0.1844,-0.15,5.041,11.248632,-15.2741085,14.9861,8.821,67.5,0.2
LHS 1140 b,LHS 1140,Transit,GO 2334,Archived,NASA 6.5m James Webb Space Telescope (JWST),NIRSpec,BOTS,G395H,7.26,"Jul 30, 2023 13:37:03","Jul 30, 2023 20:16:06",24.73723,0.0946,1.73,0.15434053,5.6,0.01761957,Mass,5.9,0.043,0.43,226.0,89.86,0.538,2.15,3096.0,0.2159,0.1844,-0.15,5.041,11.248632,-15.2741085,14.9861,8.821,67.5,0.2
LHS 3844 b,LHS 3844,Eclipse,GO 1846,Archived,NASA 6.5m James Webb Space Telescope (JWST),MIRI,LRS,N/A,4.08,"May 3, 2024 23:04:50","May 4, 2024 03:06:08",0.462929709,0.00624,1.286,0.11472943,2.37,0.00745685,Mass,6.15,0.0,73.67,816.0,88.9,0.0696,0.5242,3080.0,0.189,0.151,0.22,5.07,340.4962038,-69.1721081,14.8846,9.145001,38.1,28.6
LHS 3844 b,LHS 3844,Eclipse,GO 1846,Archived,NASA 6.5m James Webb Space Telescope (JWST),MIRI,LRS,N/A,4.08,"Jun 19, 2023 02:52:07","Jun 19, 2023 06:06:27",0.462929709,0.00624,1.286,0.11472943,2.37,0.00745685,Mass,6.15,0.0,73.67,816.0,88.9,0.0696,0.5242,3080.0,0.189,0.151,0.22,5.07,340.4962038,-69.1721081,14.8846,9.145001,38.1,28.6
TOI-260 b,TOI-260,Transit,GO 2512,Archived,NASA 6.5m James Webb Space Telescope (JWST),NIRSpec,BOTS,G395H,7.75,"Nov 30, 2023 05:56:35","Nov 30, 2023 12:46:37",13.475853,0.0943,1.71,0.15255624,4.23,0.01330907,Mass,4.66,0.0,10.1838,493.0,88.84,0.07089462,2.37,4026.0,0.607,0.616,-0.47,4.45,4.7730178,-9.9661505,20.1852,6.549,66.7,2.6
TOI-260 b,TOI-260,Transit,GO 2512,Archived,NASA 6.5m James Webb Space Telescope (JWST),NIRSpec,BOTS,G395H,7.75,"Nov 16, 2023 18:07:30","Nov 17, 2023 01:19:34",13.475853,0.0943,1.71,0.15255624,4.23,0.01330907,Mass,4.66,0.0,10.1838,493.0,88.84,0.07089462,2.37,4026.0,0.607,0.616,-0.47,4.45,4.7730178,-9.9661505,20.1852,6.549,66.7,2.6
TRAPPIST-1 c,TRAPPIST-1,Transit,GO 2420,Archived,NASA 6.5m James Webb Space Telescope (JWST),NIRSpec,BOTS,PRISM,6.27,"Nov 8, 2023 02:05:40","Nov 8, 2023 08:00:59",2.421937,0.0158,1.097,0.09786795,1.308,0.00411543,Mass,5.463993,0.00654,2.214,339.7,89.778,0.7123,0.7005,2566.0,0.1192,0.0898,0.052,5.2396,346.6263919,-5.0434618,12.42988881,10.296,24.6,1.8
TRAPPIST-1 c,TRAPPIST-1,Transit,GO 2420,Archived,NASA 6.5m James Webb Space Telescope (JWST),NIRSpec,BOTS,PRISM,6.26,"Jul 9, 2024 16:58:54","Jul 9, 2024 23:03:05",2.421937,0.0158,1.097,0.09786795,1.308,0.00411543,Mass,5.463993,0.00654,2.214,339.7,89.778,0.7123,0.7005,2566.0,0.1192,0.0898,0.052,5.2396,346.6263919,-5.0434618,12.42988881,10.296,24.6,1.8
TRAPPIST-1 c,TRAPPIST-1,Eclipse,GO 2304,Archived,NASA 6.5m James Webb Space Telescope (JWST),MIRI,F1500W,N/A,4.46,"Nov 6, 2022 05:42:51","Nov 6, 2022 09:45:53",2.421937,0.0158,1.097,0.09786795,1.308,0.00411543,Mass,5.463993,0.00654,2.214,339.7,89.778,0.7123,0.7005,2566.0,0.1192,0.0898,0.052,5.2396,346.6263919,-5.0434618,12.42988881,10.296,24.6,1.8
TRAPPIST-1 c,TRAPPIST-1,Eclipse,GO 2304,Archived,NASA 6.5m James Webb Space Telescope (JWST),MIRI,F1500W,N/A,4.57,"Nov 30, 2022 10:43:10","Nov 30, 2022 15:03:50",2.421937,0.0158,1.097,0.09786795,1.308,0.00411543,Mass,5.463993,0.00654,2.214,339.7,89.778,0.7123,0.7005,2566.0,0.1192,0.0898,0.052,5.2396,346.6263919,-5.0434618,12.42988881,10.296,24.6,1.8
TRAPPIST-1 c,TRAPPIST-1,Transit,GO 2589,Archived,NASA 6.5m James Webb Space Telescope (JWST),NIRISS,SOSS,N/A,6.67,"Oct 28, 2022 17:45:31","Oct 28, 2022 23:34:49",2.421937,0.0158,1.097,0.09786795,1.308,0.00411543,Mass,5.463993,0.00654,2.214,339.7,89.778,0.7123,0.7005,2566.0,0.1192,0.0898,0.052,5.2396,346.6263919,-5.0434618,12.42988881,10.296,24.6,1.8
TRAPPIST-1 d,TRAPPIST-1,Transit,GTO 1201,Archived,NASA 6.5m James Webb Space Telescope (JWST),NIRSpec,BOTS,PRISM,4.61,"Nov 9, 2022 16:20:18","Nov 9, 2022 20:25:46",4.049219,0.02227,0.788,0.07030077,0.388,0.00122078,Mass,4.366784,0.00837,1.115,286.2,89.896,0.3676,0.8145,2566.0,0.1192,0.0898,0.052,5.2396,346.6263919,-5.0434618,12.42988881,10.296,25.9,0.3
Kepler-51 b,Kepler-51,Transit,GO 2454,Archived,NASA 6.5m James Webb Space Telescope (JWST),NIRSpec,BOTS,PRISM,15.01,"May 29, 2023 17:55:25","May 30, 2023 07:15:17",45.154,0.2514,7.1,0.633,2.1,0.007,Mass,0.03,0.04,10.119,543.0,89.78,0.62087,5.797,6018.0,0.94,1.04,0.05,4.51,296.4797624,49.9376486,783.831,13.197,234.0,0.7
Kepler-51 d,Kepler-51,Transit,GO 2571,Archived,NASA 6.5m James Webb Space Telescope (JWST),NIRSpec,BOTS,PRISM,18.3,"Jun 26, 2023 02:10:16","Jun 26, 2023 17:46:04",130.194,0.509,9.7,0.865,7.6,0.024,Mass,0.046,0.008,2.466,381.0,89.91,1.15709,8.4534,6018.0,0.94,1.04,0.05,4.51,296.4797624,49.9376486,783.831,13.197,115.0,0.3
TOI-776 b,TOI-776,Transit,GO 2512,Archived,NASA 6.5m James Webb Space Telescope (JWST),NIRSpec,BOTS,G395H,8.74,"Jun 9, 2023 13:29:17","Jun 9, 2023 21:25:19",8.24662,0.0653,1.798,0.16040709,5.0,0.01573176,Mass,4.8,0.052,11.5,520.0,89.41,0.0909,2.382,3725.0,0.547,0.542,-0.21,4.8,178.577997,-37.5533568,27.1701,7.615,51.2,2.9
TOI-776 b,TOI-776,Transit,GO 2512,Archived,NASA 6.5m James Webb Space Telescope (JWST),NIRSpec,BOTS,G395H,8.74,"May 24, 2023 01:37:27","May 24, 2023 09:33:30",8.24662,0.0653,1.798,0.16040709,5.0,0.01573176,Mass,4.8,0.052,11.5,520.0,89.41,0.0909,2.382,3725.0,0.547,0.542,-0.21,4.8,178.577997,-37.5533568,27.1701,7.615,51.2,2.9
TOI-776 c,TOI-776,Transit,GO 2512,Archived,NASA 6.5m James Webb Space Telescope (JWST),NIRSpec,BOTS,G395H,9.55,"May 27, 2023 11:23:56","May 27, 2023 19:22:01",15.665323,0.1001,2.047,0.18262142,6.9,0.02170983,Mass,4.4,0.089,4.9,420.0,89.49,0.1177,2.932,3725.0,0.547,0.542,-0.21,4.8,178.577997,-37.5533568,27.1701,7.615,44.2,1.6
TOI-776 c,TOI-776,Transit,GO 2512,Archived,NASA 6.5m James Webb Space Telescope (JWST),NIRSpec,BOTS,G395H,9.55,"May 11, 2023 19:03:20","May 12, 2023 03:21:39",15.665323,0.1001,2.047,0.18262142,6.9,0.02170983,Mass,4.4,0.089,4.9,420.0,89.49,0.1177,2.932,3725.0,0.547,0.542,-0.21,4.8,178.577997,-37.5533568,27.1701,7.615,44.2,1.6
TOI-836 b,TOI-836,Transit,GO 2512,Archived,NASA 6.5m James Webb Space Telescope (JWST),NIRSpec,BOTS,G395H,7.16,"Mar 4, 2023 16:52:36","Mar 4, 2023 23:26:47",3.81673,0.0422,1.704,0.15202096,4.53,0.01425297,Mass,5.02,0.053,78.838,871.0,87.57,0.058,1.805,4552.0,0.665,0.678,-0.284,4.743,225.0798831,-24.4542022,27.5024,6.804,82.6,8.4
TOI-836 b,TOI-836,Transit,GO 2512,Archived,NASA 6.5m James Webb Space Telescope (JWST),NIRSpec,BOTS,G395H,7.16,"Mar 8, 2023 12:28:11","Mar 8, 2023 19:02:28",3.81673,0.0422,1.704,0.15202096,4.53,0.01425297,Mass,5.02,0.053,78.838,871.0,87.57,0.058,1.805,4552.0,0.665,0.678,-0.284,4.743,225.0798831,-24.4542022,27.5024,6.804,82.6,8.4
TOI-836.01,TOI-836,Transit,GO 2512,Archived,NASA 6.5m James Webb Space Telescope (JWST),NIRSpec,BOTS,G395H,8.91,"Feb 16, 2023 11:57:15","Feb 16, 2023 20:01:50",8.59545,0.075,2.587,0.23079708,9.6,0.03020498,Mass,3.06,0.078,26.707,665.0,88.7,0.114,2.486,4552.0,0.665,0.678,-0.284,4.743,225.0798831,-24.4542022,27.5024,6.804,104.0,9.8
TOI-849 b,TOI-849,PhaseC,SURVEY 2765,Withdrawn,NASA 6.5m James Webb Space Telescope (JWST),NIRSpec,BOTS,PRISM,45.87,N/A,N/A,0.765548,0.0155,3.64,0.32473961,41.8,0.13151751,Mass,5.6,0.0,2314.06,1932.0,86.8,0.141,1.57,5257.0,0.97,0.97,0.19,4.48,28.7157956,-29.4217086,225.734,10.418,4.5,12.6
TOI-849 b,TOI-849,PhaseC,SURVEY 2765,Withdrawn,NASA 6.5m James Webb Space Telescope (JWST),NIRSpec,BOTS,PRISM,23.41,N/A,N/A,0.765548,0.0155,3.64,0.32473961,41.8,0.13151751,Mass,5.6,0.0,2314.06,1932.0,86.8,0.141,1.57,5257.0,0.97,0.97,0.19,4.48,28.7157956,-29.4217086,225.734,10.418,4.5,12.6
TOI-849 b,TOI-849,PhaseC,SURVEY 2765,Withdrawn,NASA 6.5m James Webb Space Telescope (JWST),NIRSpec,BOTS,PRISM,34.64,N/A,N/A,0.765548,0.0155,3.64,0.32473961,41.8,0.13151751,Mass,5.6,0.0,2314.06,1932.0,86.8,0.141,1.57,5257.0,0.97,0.97,0.19,4.48,28.7157956,-29.4217086,225.734,10.418,4.5,12.6
TRAPPIST-1 b,TRAPPIST-1,Eclipse,GTO 1177,Archived,NASA 6.5m James Webb Space Telescope (JWST),MIRI,F1500W,N/A,5.8,"Nov 24, 2022 17:26:22","Nov 24, 2022 23:00:44",1.510826,0.01154,1.116,0.09956302,1.374,0.00432309,Mass,5.441939,0.00622,4.153,397.6,89.728,0.7378,0.601,2566.0,0.1192,0.0898,0.052,5.2396,346.6263919,-5.0434618,12.42988881,10.296,28.8,3.9
TRAPPIST-1 b,TRAPPIST-1,Eclipse,GTO 1177,Archived,NASA 6.5m James Webb Space Telescope (JWST),MIRI,F1500W,N/A,5.8,"Nov 20, 2022 04:24:30","Nov 20, 2022 09:54:11",1.510826,0.01154,1.116,0.09956302,1.374,0.00432309,Mass,5.441939,0.00622,4.153,397.6,89.728,0.7378,0.601,2566.0,0.1192,0.0898,0.052,5.2396,346.6263919,-5.0434618,12.42988881,10.296,28.8,3.9
TRAPPIST-1 b,TRAPPIST-1,Eclipse,GTO 1279,Skipped,NASA 6.5m James Webb Space Telescope (JWST),MIRI,F1280W,N/A,5.25,N/A,N/A,1.510826,0.01154,1.116,0.09956302,1.374,0.00432309,Mass,5.441939,0.00622,4.153,397.6,89.728,0.7378,0.601,2566.0,0.1192,0.0898,0.052,5.2396,346.6263919,-5.0434618,12.42988881,10.296,28.8,3.9
TRAPPIST-1 b,TRAPPIST-1,Eclipse,GTO 1177,Archived,NASA 6.5m James Webb Space Telescope (JWST),MIRI,F1500W,N/A,5.8,"Nov 8, 2022 02:17:33","Nov 8, 2022 07:47:10",1.510826,0.01154,1.116,0.09956302,1.374,0.00432309,Mass,5.441939,0.00622,4.153,397.6,89.728,0.7378,0.601,2566.0,0.1192,0.0898,0.052,5.2396,346.6263919,-5.0434618,12.42988881,10.296,28.8,3.9
TRAPPIST-1 b,TRAPPIST-1,Eclipse,GTO 1177,Archived,NASA 6.5m James Webb Space Telescope (JWST),MIRI,F1500W,N/A,5.8,"Nov 12, 2022 15:05:09","Nov 12, 2022 20:34:15",1.510826,0.01154,1.116,0.09956302,1.374,0.00432309,Mass,5.441939,0.00622,4.153,397.6,89.728,0.7378,0.601,2566.0,0.1192,0.0898,0.052,5.2396,346.6263919,-5.0434618,12.42988881,10.296,28.8,3.9
TRAPPIST-1 b,TRAPPIST-1,Eclipse,GTO 1279,Archived,NASA 6.5m James Webb Space Telescope (JWST),MIRI,F1280W,N/A,5.35,"Jul 22, 2023 23:02:40","Jul 23, 2023 04:03:14",1.510826,0.01154,1.116,0.09956302,1.374,0.00432309,Mass,5.441939,0.00622,4.153,397.6,89.728,0.7378,0.601,2566.0,0.1192,0.0898,0.052,5.2396,346.6263919,-5.0434618,12.42988881,10.296,28.8,3.9
TRAPPIST-1 b,TRAPPIST-1,Eclipse,GTO 1279,Archived,NASA 6.5m James Webb Space Telescope (JWST),MIRI,F1280W,N/A,5.25,"Nov 21, 2022 16:39:04","Nov 21, 2022 21:46:11",1.510826,0.01154,1.116,0.09956302,1.374,0.00432309,Mass,5.441939,0.00622,4.153,397.6,89.728,0.7378,0.601,2566.0,0.1192,0.0898,0.052,5.2396,346.6263919,-5.0434618,12.42988881,10.296,28.8,3.9
TRAPPIST-1 b,TRAPPIST-1,Eclipse,GTO 1177,Archived,NASA 6.5m James Webb Space Telescope (JWST),MIRI,F1500W,N/A,5.9,"Dec 3, 2022 19:25:56","Dec 4, 2022 00:37:36",1.510826,0.01154,1.116,0.09956302,1.374,0.00432309,Mass,5.441939,0.00622,4.153,397.6,89.728,0.7378,0.601,2566.0,0.1192,0.0898,0.052,5.2396,346.6263919,-5.0434618,12.42988881,10.296,28.8,3.9
TRAPPIST-1 b,TRAPPIST-1,Eclipse,GTO 1279,Archived,NASA 6.5m James Webb Space Telescope (JWST),MIRI,F1280W,N/A,5.35,"Jul 7, 2023 20:27:41","Jul 8, 2023 01:28:53",1.510826,0.01154,1.116,0.09956302,1.374,0.00432309,Mass,5.441939,0.00622,4.153,397.6,89.728,0.7378,0.601,2566.0,0.1192,0.0898,0.052,5.2396,346.6263919,-5.0434618,12.42988881,10.296,28.8,3.9
TRAPPIST-1 b,TRAPPIST-1,Transit,GO 2589,Archived,NASA 6.5m James Webb Space Telescope (JWST),NIRISS,SOSS,N/A,6.47,"Jul 18, 2022 12:44:20","Jul 18, 2022 18:48:37",1.510826,0.01154,1.116,0.09956302,1.374,0.00432309,Mass,5.441939,0.00622,4.153,397.6,89.728,0.7378,0.601,2566.0,0.1192,0.0898,0.052,5.2396,346.6263919,-5.0434618,12.42988881,10.296,28.8,3.9
TRAPPIST-1 b,TRAPPIST-1,Transit,GO 2589,Archived,NASA 6.5m James Webb Space Telescope (JWST),NIRISS,SOSS,N/A,6.47,"Jul 20, 2022 00:59:56","Jul 20, 2022 07:04:06",1.510826,0.01154,1.116,0.09956302,1.374,0.00432309,Mass,5.441939,0.00622,4.153,397.6,89.728,0.7378,0.601,2566.0,0.1192,0.0898,0.052,5.2396,346.6263919,-5.0434618,12.42988881,10.296,28.8,3.9
TRAPPIST-1 b,TRAPPIST-1,Eclipse,GTO 1279,Archived,NASA 6.5m James Webb Space Telescope (JWST),MIRI,F1280W,N/A,5.35,"Jul 6, 2023 08:13:36","Jul 6, 2023 13:12:41",1.510826,0.01154,1.116,0.09956302,1.374,0.00432309,Mass,5.441939,0.00622,4.153,397.6,89.728,0.7378,0.601,2566.0,0.1192,0.0898,0.052,5.2396,346.6263919,-5.0434618,12.42988881,10.296,28.8,3.9
TRAPPIST-1 b,TRAPPIST-1,Eclipse,GTO 1279,Archived,NASA 6.5m James Webb Space Telescope (JWST),MIRI,F1280W,N/A,5.35,"Jul 15, 2023 10:31:13","Jul 15, 2023 15:02:53",1.510826,0.01154,1.116,0.09956302,1.374,0.00432309,Mass,5.441939,0.00622,4.153,397.6,89.728,0.7378,0.601,2566.0,0.1192,0.0898,0.052,5.2396,346.6263919,-5.0434618,12.42988881,10.296,28.8,3.9
L 168-9 b,L 168-9,Transit,GO 2512,Archived,NASA 6.5m James Webb Space Telescope (JWST),NIRSpec,BOTS,G395H,5.97,"Jun 3, 2023 07:42:18","Jun 3, 2023 13:15:08",1.40152604,0.0208,1.63,0.14541911,4.07,0.01280565,Mass,5.18,0.0,149.3748,998.0,84.27,0.05937541,1.02,3842.0,0.604,0.614,-0.03,4.84,350.0285917,-60.0657292,25.1496,7.082,94.7,13.8
L 168-9 b,L 168-9,Transit,GO 2512,Archived,NASA 6.5m James Webb Space Telescope (JWST),NIRSpec,BOTS,G395H,5.97,"Jun 27, 2023 03:29:54","Jun 27, 2023 09:09:33",1.40152604,0.0208,1.63,0.14541911,4.07,0.01280565,Mass,5.18,0.0,149.3748,998.0,84.27,0.05937541,1.02,3842.0,0.604,0.614,-0.03,4.84,350.0285917,-60.0657292,25.1496,7.082,94.7,13.8
L 168-9 b,L 168-9,Transit,GO 2512,Archived,NASA 6.5m James Webb Space Telescope (JWST),NIRSpec,BOTS,G395H,5.97,"Jun 18, 2023 17:41:17","Jun 18, 2023 23:14:05",1.40152604,0.0208,1.63,0.14541911,4.07,0.01280565,Mass,5.18,0.0,149.3748,998.0,84.27,0.05937541,1.02,3842.0,0.604,0.614,-0.03,4.84,350.0285917,-60.0657292,25.1496,7.082,94.7,13.8
L 98-59 c,L 98-59,Transit,GTO 1201,Failed - Archived,NASA 6.5m James Webb Space Telescope (JWST),NIRISS,SOSS,N/A,5.44,"Dec 29, 2023 20:49:57","Dec 29, 2023 22:20:14",3.6906764,0.0309,1.329,0.11856564,2.0,0.0062927,Mass,4.7,0.002,12.7,526.0,88.88,0.1486,1.28,3415.0,0.3155,0.2923,-0.46,4.91,124.5328604,-68.3144658,10.6194,7.101,30.5,6.9
L 98-59 c,L 98-59,Transit,GO 2512,Archived,NASA 6.5m James Webb Space Telescope (JWST),NIRSpec,BOTS,G395H,5.91,"Jul 9, 2023 11:59:39","Jul 9, 2023 16:51:08",3.6906764,0.0309,1.329,0.11856564,2.0,0.0062927,Mass,4.7,0.002,12.7,526.0,88.88,0.1486,1.28,3415.0,0.3155,0.2923,-0.46,4.91,124.5328604,-68.3144658,10.6194,7.101,30.5,6.9
L 98-59 c,L 98-59,Transit,GTO 1201,Archived,NASA 6.5m James Webb Space Telescope (JWST),NIRISS,SOSS,N/A,5.44,"Mar 2, 2025 00:14:06","Mar 2, 2025 05:36:16",3.6906764,0.0309,1.329,0.11856564,2.0,0.0062927,Mass,4.7,0.002,12.7,526.0,88.88,0.1486,1.28,3415.0,0.3155,0.2923,-0.46,4.91,124.5328604,-68.3144658,10.6194,7.101,30.5,6.9
L 98-59 c,L 98-59,Transit,GO 2512,Archived,NASA 6.5m James Webb Space Telescope (JWST),NIRSpec,BOTS,G395H,5.91,"Jul 13, 2023 03:49:35","Jul 13, 2023 09:19:21",3.6906764,0.0309,1.329,0.11856564,2.0,0.0062927,Mass,4.7,0.002,12.7,526.0,88.88,0.1486,1.28,3415.0,0.3155,0.2923,-0.46,4.91,124.5328604,-68.3144658,10.6194,7.101,30.5,6.9
L 98-59 d,L 98-59,Transit,GTO 1224,Archived,NASA 6.5m James Webb Space Telescope (JWST),NIRSpec,BOTS,G395H,5.34,"Jun 25, 2023 12:48:03","Jun 25, 2023 17:43:16",7.450729,0.0494,1.627,0.14515147,1.64,0.00516002,Mass,2.2,0.006,4.97,416.0,88.44,0.1445,0.84,3415.0,0.3155,0.2923,-0.46,4.91,124.5328604,-68.3144658,10.6194,7.101,358.0,4.2
L 98-59 d,L 98-59,Transit,GTO 1201,Archived,NASA 6.5m James Webb Space Telescope (JWST),NIRISS,SOSS,N/A,4.99,"Dec 28, 2022 16:32:38","Dec 28, 2022 20:55:44",7.450729,0.0494,1.627,0.14515147,1.64,0.00516002,Mass,2.2,0.006,4.97,416.0,88.44,0.1445,0.84,3415.0,0.3155,0.2923,-0.46,4.91,124.5328604,-68.3144658,10.6194,7.101,358.0,4.2
GJ 357 b,GJ 357,Transit,GTO 1201,Archived,NASA 6.5m James Webb Space Telescope (JWST),NIRISS,SOSS,N/A,5.78,"Nov 22, 2023 11:40:30","Nov 22, 2023 17:10:32",3.9306,0.036,1.2,0.10705701,1.83,0.00575782,Mass,5.6,,12.6,518.0,89.228,0.0955,1.291,3505.0,0.337,0.342,-0.12,4.94,144.0074644,-21.6650634,9.44181,6.475,27.9,6.0
GJ 357 b,GJ 357,Transit,GO 2512,Archived,NASA 6.5m James Webb Space Telescope (JWST),NIRSpec,BOTS,G395H,6.22,"Dec 4, 2023 04:52:25","Dec 4, 2023 10:16:25",3.9306,0.036,1.2,0.10705701,1.83,0.00575782,Mass,5.6,,12.6,518.0,89.228,0.0955,1.291,3505.0,0.337,0.342,-0.12,4.94,144.0074644,-21.6650634,9.44181,6.475,27.9,6.0
GJ 367 b,GJ 367,PhaseC,GO 2508,Archived,NASA 6.5m James Webb Space Telescope (JWST),MIRI,LRS,N/A,15.84,"Feb 22, 2023 02:33:20","Feb 22, 2023 16:13:30",0.3219226,0.0071,0.736,0.06566164,0.503,0.00158261,Mass,6.9,0.0,579.0,1329.0,78.6,0.0212,0.629,3535.0,0.457,0.451,-0.01,4.776,146.121464,-45.7790165,9.41263,5.78,45.2,17.3
GJ 436 b,GJ 436,Eclipse,GTO 1177,Archived,NASA 6.5m James Webb Space Telescope (JWST),MIRI,LRS,N/A,6.65,"May 26, 2023 06:54:53","May 26, 2023 13:01:48",2.64388312,0.0291,4.17,0.372,22.1,0.07,Mass,1.8,0.13827,29.4322,686.0,86.44,0.6819,1.00536,3586.11,0.455,0.47,0.0991,4.792,175.5505363,26.7030669,9.75321,6.073,521.0,112.0
GJ 436 b,GJ 436,Eclipse,GTO 1185,Archived,NASA 6.5m James Webb Space Telescope (JWST),NIRCam,GTS,GRISMR+F322W2,6.58,"Jan 16, 2023 17:45:05","Jan 16, 2023 23:45:34",2.64388312,0.0291,4.17,0.372,22.1,0.07,Mass,1.8,0.13827,29.4322,686.0,86.44,0.6819,1.00536,3586.11,0.455,0.47,0.0991,4.792,175.5505363,26.7030669,9.75321,6.073,521.0,112.0
GJ 436 b,GJ 436,Eclipse,GTO 1185,Archived,NASA 6.5m James Webb Space Telescope (JWST),NIRCam,GTS,GRISMR+F322W2,6.58,"Apr 21, 2023 22:18:02","Apr 22, 2023 04:04:54",2.64388312,0.0291,4.17,0.372,22.1,0.07,Mass,1.8,0.13827,29.4322,686.0,86.44,0.6819,1.00536,3586.11,0.455,0.47,0.0991,4.792,175.5505363,26.7030669,9.75321,6.073,521.0,112.0
GJ 436 b,GJ 436,Eclipse,GTO 1185,Archived,NASA 6.5m James Webb Space Telescope (JWST),NIRCam,GTS,GRISMR+F444W,6.58,"Dec 31, 2022 21:00:26","Jan 1, 2023 03:04:13",2.64388312,0.0291,4.17,0.372,22.1,0.07,Mass,1.8,0.13827,29.4322,686.0,86.44,0.6819,1.00536,3586.11,0.455,0.47,0.0991,4.792,175.5505363,26.7030669,9.75321,6.073,521.0,112.0
GJ 436 b,GJ 436,Eclipse,GTO 1185,Archived,NASA 6.5m James Webb Space Telescope (JWST),NIRCam,GTS,GRISMR+F444W,6.58,"Jan 11, 2023 10:48:03","Jan 11, 2023 16:51:42",2.64388312,0.0291,4.17,0.372,22.1,0.07,Mass,1.8,0.13827,29.4322,686.0,86.44,0.6819,1.00536,3586.11,0.455,0.47,0.0991,4.792,175.5505363,26.7030669,9.75321,6.073,521.0,112.0
GJ 436 b,GJ 436,Eclipse,GTO 1177,Archived,NASA 6.5m James Webb Space Telescope (JWST),MIRI,LRS,N/A,6.64,"Dec 2, 2023 15:29:48","Dec 2, 2023 21:43:06",2.64388312,0.0291,4.17,0.372,22.1,0.07,Mass,1.8,0.13827,29.4322,686.0,86.44,0.6819,1.00536,3586.11,0.455,0.47,0.0991,4.792,175.5505363,26.7030669,9.75321,6.073,521.0,112.0
GJ 436 b,GJ 436,Eclipse,GTO 1185,Archived,NASA 6.5m James Webb Space Telescope (JWST),NIRCam,GTS,GRISMR+F322W2,6.57,"Dec 21, 2023 03:36:36","Dec 21, 2023 09:46:21",2.64388312,0.0291,4.17,0.372,22.1,0.07,Mass,1.8,0.13827,29.4322,686.0,86.44,0.6819,1.00536,3586.11,0.455,0.47,0.0991,4.792,175.5505363,26.7030669,9.75321,6.073,521.0,112.0
GJ 436 b,GJ 436,Eclipse,GTO 1185,Archived,NASA 6.5m James Webb Space Telescope (JWST),NIRCam,GTS,GRISMR+F444W,6.58,"Dec 7, 2023 22:26:56","Dec 8, 2023 04:36:52",2.64388312,0.0291,4.17,0.372,22.1,0.07,Mass,1.8,0.13827,29.4322,686.0,86.44,0.6819,1.00536,3586.11,0.455,0.47,0.0991,4.792,175.5505363,26.7030669,9.75321,6.073,521.0,112.0
GJ 486 b,GJ 486,Eclipse,GO 1743,Archived,NASA 6.5m James Webb Space Telescope (JWST),MIRI,LRS,N/A,6.4,"May 29, 2023 04:19:04","May 29, 2023 10:13:15",1.46712127,0.01714,1.289,0.11499708,2.77,0.00871539,Mass,6.66,0.00086,39.2,696.3,89.39,0.13871,1.0158,3317.0,0.3243,0.312,-0.15,4.9111,191.981531,9.7494181,8.07426,6.362,35.4,21.2
GJ 486 b,GJ 486,Transit,GO 1981,Archived,NASA 6.5m James Webb Space Telescope (JWST),NIRSpec,BOTS,G395H,5.19,"Dec 25, 2022 10:17:50","Dec 25, 2022 15:09:48",1.46712127,0.01714,1.289,0.11499708,2.77,0.00871539,Mass,6.66,0.00086,39.2,696.3,89.39,0.13871,1.0158,3317.0,0.3243,0.312,-0.15,4.9111,191.981531,9.7494181,8.07426,6.362,35.4,21.2
GJ 486 b,GJ 486,Eclipse,GO 1743,Archived,NASA 6.5m James Webb Space Telescope (JWST),MIRI,LRS,N/A,6.4,"Jun 1, 2023 03:14:16","Jun 1, 2023 08:59:39",1.46712127,0.01714,1.289,0.11499708,2.77,0.00871539,Mass,6.66,0.00086,39.2,696.3,89.39,0.13871,1.0158,3317.0,0.3243,0.312,-0.15,4.9111,191.981531,9.7494181,8.07426,6.362,35.4,21.2
GJ 486 b,GJ 486,Transit,GO 1981,Archived,NASA 6.5m James Webb Space Telescope (JWST),NIRSpec,BOTS,G395H,5.19,"Dec 29, 2022 19:55:11","Dec 30, 2022 00:47:10",1.46712127,0.01714,1.289,0.11499708,2.77,0.00871539,Mass,6.66,0.00086,39.2,696.3,89.39,0.13871,1.0158,3317.0,0.3243,0.312,-0.15,4.9111,191.981531,9.7494181,8.07426,6.362,35.4,21.2
WASP-17 b,WASP-17,Transit,GTO 1353,Archived,NASA 6.5m James Webb Space Telescope (JWST),NIRISS,SOSS,N/A,12.72,"Mar 20, 2023 09:44:14","Mar 20, 2023 21:06:25",3.73543,0.0515,20.96083,1.87,247.9074,0.78,Mass,0.082,0.0,1292.19,1755.0,86.63,1.7,4.4232,6550.0,1.49,2.28,-0.25,4.2,239.9622479,-28.0617941,405.908,10.224,267.0,129.0
WASP-17 b,WASP-17,Eclipse,GTO 1353,Archived,NASA 6.5m James Webb Space Telescope (JWST),NIRISS,SOSS,N/A,12.72,"Mar 22, 2023 06:33:33","Mar 22, 2023 17:57:41",3.73543,0.0515,20.96083,1.87,247.9074,0.78,Mass,0.082,0.0,1292.19,1755.0,86.63,1.7,4.4232,6550.0,1.49,2.28,-0.25,4.2,239.9622479,-28.0617941,405.908,10.224,267.0,129.0
WASP-17 b,WASP-17,Transit,GTO 1353,Archived,NASA 6.5m James Webb Space Telescope (JWST),MIRI,LRS,N/A,12.61,"Mar 12, 2023 22:29:28","Mar 13, 2023 09:45:26",3.73543,0.0515,20.96083,1.87,247.9074,0.78,Mass,0.082,0.0,1292.19,1755.0,86.63,1.7,4.4232,6550.0,1.49,2.28,-0.25,4.2,239.9622479,-28.0617941,405.908,10.224,267.0,129.0
WASP-178 b,WASP-178,Transit,GO 2055,Archived,NASA 6.5m James Webb Space Telescope (JWST),NIRSpec,BOTS,G395H,9.11,"Mar 7, 2023 06:46:58","Mar 7, 2023 15:01:24",3.3448285,0.0558,20.28829,1.81,527.5978,1.66,Mass,0.37,0.0,5550.0,2470.0,85.7,1.243,3.4704,9360.0,1.67,2.07,0.21,4.31,227.270329,-42.7049658,427.678,9.703,179.0,135.0
WASP-18 b,WASP-18,Eclipse,ERS 1366,Archived,NASA 6.5m James Webb Space Telescope (JWST),NIRISS,SOSS,N/A,8.81,"Aug 11, 2022 03:53:43","Aug 11, 2022 11:58:50",0.94145223,0.02024,13.89913607,1.24,3241.8497514,10.2,Mass,6.6,0.0051,5805.0,2429.0,83.5,1.041,2.21,6432.0,1.319,1.294,0.107,4.31,24.3544618,-45.6777937,123.483,8.131,27.7,313.0
WASP-19 b,WASP-19,Eclipse,GTO 1274,Archived,NASA 6.5m James Webb Space Telescope (JWST),NIRSpec,BOTS,PRISM,7.78,"Feb 18, 2023 04:52:38","Feb 18, 2023 11:58:59",0.78883852,0.01652,15.86070769,1.415,366.77398168,1.154,Mass,0.506,0.0126,3320.0,2113.0,79.08,2.077,1.607,5616.0,1.006,0.965,0.04,4.417,148.4167672,-45.6591078,268.325,10.481,172.0,228.0
WASP-39 b,WASP-39,Transit,ERS 1366,Archived,NASA 6.5m James Webb Space Telescope (JWST),NIRISS,SOSS,N/A,10.67,"Jul 26, 2022 19:48:02","Jul 27, 2022 05:08:51",4.0552941,0.04828,14.336311,1.279,89.31023,0.281,Mass,0.167,0.0,316.269,1166.0,87.32,2.34348052,2.8032,5485.0,0.939,0.913,0.01,4.453,217.3266477,-3.4444994,213.982,10.202,370.0,92.6
WASP-39 b,WASP-39,Transit,ERS 1366,Archived,NASA 6.5m James Webb Space Telescope (JWST),NIRSpec,BOTS,G395H,10.56,"Jul 30, 2022 20:46:32","Jul 31, 2022 06:21:30",4.0552941,0.04828,14.336311,1.279,89.31023,0.281,Mass,0.167,0.0,316.269,1166.0,87.32,2.34348052,2.8032,5485.0,0.939,0.913,0.01,4.453,217.3266477,-3.4444994,213.982,10.202,370.0,92.6
GJ 341 b,GJ 341,Transit,GO 1981,Archived,NASA 6.5m James Webb Space Telescope (JWST),NIRCam,GTS,GRISMR+F444W,7.1,"Mar 10, 2023 07:40:32","Mar 10, 2023 14:11:15",7.57686,,0.88,0.07850848,4.0,0.01258541,Mass,,0.0,13.8,629.0,89.24,0.0289,2.23,3770.0,0.5066,0.48,-0.16,4.72,140.3993759,-60.2811692,10.454,5.587,4.1,3.7
GJ 341 b,GJ 341,Transit,GO 1981,Archived,NASA 6.5m James Webb Space Telescope (JWST),NIRCam,GTS,GRISMR+F444W,7.1,"Apr 17, 2023 05:32:04","Apr 17, 2023 11:47:07",7.57686,,0.88,0.07850848,4.0,0.01258541,Mass,,0.0,13.8,629.0,89.24,0.0289,2.23,3770.0,0.5066,0.48,-0.16,4.72,140.3993759,-60.2811692,10.454,5.587,4.1,3.7
GJ 341 b,GJ 341,Transit,GO 1981,Archived,NASA 6.5m James Webb Space Telescope (JWST),NIRCam,GTS,GRISMR+F444W,7.1,"Mar 2, 2023 17:50:00","Mar 3, 2023 00:20:17",7.57686,,0.88,0.07850848,4.0,0.01258541,Mass,,0.0,13.8,629.0,89.24,0.0289,2.23,3770.0,0.5066,0.48,-0.16,4.72,140.3993759,-60.2811692,10.454,5.587,4.1,3.7
GJ 3470 b,GJ 3470,Transit,GTO 1185,Archived,NASA 6.5m James Webb Space Telescope (JWST),NIRCam,GTS,GRISMR+F444W,7.49,"Nov 3, 2022 21:39:42","Nov 4, 2022 04:39:24",3.3366496,0.0355,4.57,0.40770809,13.9,0.04373407,Mass,0.8,0.017,29.6584,593.5,89.13,0.67658704,1.8984,3600.0,0.547,0.539,0.2,4.695,119.7735021,15.391209,29.4214,7.989,273.0,25.0
GJ 3470 b,GJ 3470,Eclipse,GTO 1201,Archived,NASA 6.5m James Webb Space Telescope (JWST),NIRSpec,BOTS,G395H,6.45,"Nov 4, 2023 06:25:51","Nov 4, 2023 12:30:43",3.3366496,0.0355,4.57,0.40770809,13.9,0.04373407,Mass,0.8,0.017,29.6584,593.5,89.13,0.67658704,1.8984,3600.0,0.547,0.539,0.2,4.695,119.7735021,15.391209,29.4214,7.989,273.0,25.0
GJ 3470 b,GJ 3470,Transit,GTO 1185,Archived,NASA 6.5m James Webb Space Telescope (JWST),NIRCam,GTS,GRISMR+F322W2,7.49,"Oct 31, 2022 13:35:23","Oct 31, 2022 20:31:17",3.3366496,0.0355,4.57,0.40770809,13.9,0.04373407,Mass,0.8,0.017,29.6584,593.5,89.13,0.67658704,1.8984,3600.0,0.547,0.539,0.2,4.695,119.7735021,15.391209,29.4214,7.989,273.0,25.0
WASP-52 b,WASP-52,Transit,GTO 1201,Skipped,NASA 6.5m James Webb Space Telescope (JWST),NIRISS,SOSS,N/A,6.43,N/A,N/A,1.7497798,0.0272,14.24,1.27,146.2,0.46,Mass,0.29,0.0,605.7625,1315.0,85.35,2.71,1.8096,5000.0,0.79,0.87,0.03,4.582,348.4947931,8.7610793,174.818,10.086,365.0,190.0
WASP-52 b,WASP-52,Transit,GTO 1201,Archived,NASA 6.5m James Webb Space Telescope (JWST),NIRISS,SOSS,N/A,6.12,"Nov 27, 2022 05:44:19","Nov 27, 2022 11:36:20",1.7497798,0.0272,14.24,1.27,146.2,0.46,Mass,0.29,0.0,605.7625,1315.0,85.35,2.71,1.8096,5000.0,0.79,0.87,0.03,4.582,348.4947931,8.7610793,174.818,10.086,365.0,190.0
WASP-52 b,WASP-52,Eclipse,GTO 1224,Archived,NASA 6.5m James Webb Space Telescope (JWST),NIRSpec,BOTS,PRISM,6.59,"Jun 10, 2023 08:41:17","Jun 10, 2023 14:34:08",1.7497798,0.0272,14.24,1.27,146.2,0.46,Mass,0.29,0.0,605.7625,1315.0,85.35,2.71,1.8096,5000.0,0.79,0.87,0.03,4.582,348.4947931,8.7610793,174.818,10.086,365.0,190.0
WASP-63 b,WASP-63,Transit,GO 2113,Archived,NASA 6.5m James Webb Space Telescope (JWST),NIRISS,SOSS,N/A,13.8,"Sep 28, 2023 18:01:44","Sep 29, 2023 06:11:49",4.37808,0.0574,15.80469,1.41,117.5971,0.37,Mass,0.173,0.0,1103.2708,1469.91,87.8,0.61,5.3900978,5550.0,1.86,1.28,0.08,4.01,94.3363562,-38.3233826,290.684,9.393,178.0,62.5
WASP-69 b,WASP-69,Eclipse,GTO 1185,Archived,NASA 6.5m James Webb Space Telescope (JWST),NIRCam,GTS,GRISMR+F444W,8.22,"Jun 6, 2023 16:58:04","Jun 7, 2023 00:26:49",3.86813881,0.0453,11.21,1.0,82.58,0.26,Mass,0.291,0.0,180.5564,971.0,86.79,1.72599935,2.1869,4792.0,0.801,0.83,0.35,4.57,315.0259661,-5.094857,49.9605,7.459,735.0,223.0
55 Cnc e,55 Cnc,Eclipse,GO 1952,Archived,NASA 6.5m James Webb Space Telescope (JWST),MIRI,LRS,N/A,7.87,"Mar 24, 2023 11:05:18","Mar 24, 2023 18:20:01",0.7365474,0.01544,1.875,0.1672763,7.99,0.02513923,Mass,6.66,0.05,2657.8322,1958.0,83.59,0.03846733,1.5439,5172.0,0.943,0.905,0.35,4.43,133.1468373,28.3298154,12.5855,4.015,255.0,70.1
55 Cnc e,55 Cnc,Eclipse,GO 1952,Archived,NASA 6.5m James Webb Space Telescope (JWST),NIRCam,GTS,GRISMR+F444W,7.7,"Nov 24, 2022 10:49:16","Nov 24, 2022 17:26:18",0.7365474,0.01544,1.875,0.1672763,7.99,0.02513923,Mass,6.66,0.05,2657.8322,1958.0,83.59,0.03846733,1.5439,5172.0,0.943,0.905,0.35,4.43,133.1468373,28.3298154,12.5855,4.015,255.0,70.1
WD 1856+534 b,WD 1856+534,Transit,GO 2358,Skipped,NASA 6.5m James Webb Space Telescope (JWST),NIRSpec,BOTS,PRISM,3.33,N/A,N/A,1.4079405,0.0204,10.4,0.92782585,4386.054,13.8,Mass,21.4,0.0,0.181,163.0,88.778,56.65,0.1333,4710.0,0.0131,0.518,,7.915,284.415675,53.5090244,24.7359,15.548,205.0,2.0
WD 1856+534 b,WD 1856+534,Transit,GO 2507,Archived,NASA 6.5m James Webb Space Telescope (JWST),NIRSpec,BOTS,G395M,3.03,"Jun 17, 2023 01:59:03","Jun 17, 2023 04:59:29",1.4079405,0.0204,10.4,0.92782585,4386.054,13.8,Mass,21.4,0.0,0.181,163.0,88.778,56.65,0.1333,4710.0,0.0131,0.518,,7.915,284.415675,53.5090244,24.7359,15.548,205.0,2.0
WD 1856+534 b,WD 1856+534,Transit,GO 2358,Archived,NASA 6.5m James Webb Space Telescope (JWST),NIRSpec,BOTS,PRISM,3.36,"Apr 27, 2023 09:22:11","Apr 27, 2023 12:39:24",1.4079405,0.0204,10.4,0.92782585,4386.054,13.8,Mass,21.4,0.0,0.181,163.0,88.778,56.65,0.1333,4710.0,0.0131,0.518,,7.915,284.415675,53.5090244,24.7359,15.548,205.0,2.0
WASP-39 b,WASP-39,Transit,ERS 1366,Archived,NASA 6.5m James Webb Space Telescope (JWST),NIRSpec,BOTS,PRISM,10.52,"Jul 10, 2022 14:05:46","Jul 10, 2022 23:38:37",4.0552941,0.04828,14.336311,1.279,89.31023,0.281,Mass,0.167,0.0,316.269,1166.0,87.32,2.34348052,2.8032,5485.0,0.939,0.913,0.01,4.453,217.3266477,-3.4444994,213.982,10.202,370.0,92.6
WASP-39 b,WASP-39,Transit,DD 2783,Archived,NASA 6.5m James Webb Space Telescope (JWST),MIRI,LRS,N/A,10.29,"Feb 14, 2023 13:44:35","Feb 14, 2023 23:00:46",4.0552941,0.04828,14.336311,1.279,89.31023,0.281,Mass,0.167,0.0,316.269,1166.0,87.32,2.34348052,2.8032,5485.0,0.939,0.913,0.01,4.453,217.3266477,-3.4444994,213.982,10.202,370.0,92.6
WASP-39 b,WASP-39,Transit,ERS 1366,Archived,NASA 6.5m James Webb Space Telescope (JWST),NIRCam,GTS,GRISMR+F322W2,10.45,"Jul 22, 2022 18:10:36","Jul 23, 2022 03:39:36",4.0552941,0.04828,14.336311,1.279,89.31023,0.281,Mass,0.167,0.0,316.269,1166.0,87.32,2.34348052,2.8032,5485.0,0.939,0.913,0.01,4.453,217.3266477,-3.4444994,213.982,10.202,370.0,92.6
WASP-80 b,WASP-80,Eclipse,GTO 1177,Archived,NASA 6.5m James Webb Space Telescope (JWST),MIRI,LRS,N/A,7.9,"Sep 25, 2022 13:08:19","Sep 25, 2022 20:27:24",3.06785234,0.0344,11.197791,0.999,170.99254,0.538,Mass,0.717,0.002,72.442,825.0,89.02,2.937,2.131,4143.0,0.586,0.577,-0.13,4.663,303.1667996,-2.1444369,49.7876,8.351,325.0,228.0
WASP-80 b,WASP-80,Transit,GTO 1185,Archived,NASA 6.5m James Webb Space Telescope (JWST),NIRCam,GTS,GRISMR+F322W2,7.85,"Oct 30, 2022 20:34:41","Oct 31, 2022 03:33:08",3.06785234,0.0344,11.197791,0.999,170.99254,0.538,Mass,0.717,0.002,72.442,825.0,89.02,2.937,2.131,4143.0,0.586,0.577,-0.13,4.663,303.1667996,-2.1444369,49.7876,8.351,325.0,228.0
55 Cnc e,55 Cnc,Eclipse,GO 2084,Archived,NASA 6.5m James Webb Space Telescope (JWST),NIRCam,GTS,GRISMR+F444W,6.25,"Nov 20, 2022 18:58:19","Nov 21, 2022 00:15:39",0.7365474,0.01544,1.875,0.1672763,7.99,0.02513923,Mass,6.66,0.05,2657.8322,1958.0,83.59,0.03846733,1.5439,5172.0,0.943,0.905,0.35,4.43,133.1468373,28.3298154,12.5855,4.015,255.0,70.1
WASP-94 A b,WASP-94 A,Transit,GO 3154,Archived,NASA 6.5m James Webb Space Telescope (JWST),NIRSpec,BOTS,G395H,10.35,"Jun 7, 2024 13:44:14","Jun 7, 2024 22:49:03",3.95019,0.055,17.71022,1.58,158.915,0.5,Mass,0.118,0.0,1009.38,1604.0,88.7,1.2,4.488,6170.0,1.48,1.67,0.26,4.27,313.7832393,-34.1357512,211.211,8.874,434.0,161.0
WASP-69 b,WASP-69,Transit,GO 3712,Archived,NASA 6.5m James Webb Space Telescope (JWST),MIRI,LRS,N/A,7.93,"Oct 4, 2024 03:36:09","Oct 4, 2024 11:06:17",3.86813881,0.0453,11.21,1.0,82.58,0.26,Mass,0.291,0.0,180.5564,971.0,86.79,1.72599935,2.1869,4792.0,0.801,0.83,0.35,4.57,315.0259661,-5.094857,49.9605,7.459,735.0,223.0
GJ 3473 b,GJ 3473,Eclipse,GO 3730,Archived,NASA 6.5m James Webb Space Telescope (JWST),MIRI,F1500W,N/A,4.78,"Mar 12, 2024 10:47:52","Mar 12, 2024 14:59:33",1.1980035,0.01589,1.264,0.11276653,1.86,0.00585219,Mass,5.03,0.0,59.4,773.0,87.95,0.11503177,0.95,3347.0,0.364,0.36,0.11,4.81,120.5936065,3.3371629,27.3644,8.829001,14.3,6.8
GJ 3473 b,GJ 3473,Eclipse,GO 3730,Archived,NASA 6.5m James Webb Space Telescope (JWST),MIRI,F1500W,N/A,4.78,"Mar 13, 2024 15:01:20","Mar 13, 2024 19:19:35",1.1980035,0.01589,1.264,0.11276653,1.86,0.00585219,Mass,5.03,0.0,59.4,773.0,87.95,0.11503177,0.95,3347.0,0.364,0.36,0.11,4.81,120.5936065,3.3371629,27.3644,8.829001,14.3,6.8
WASP-47 e,WASP-47,Eclipse,GO 3615,Archived,NASA 6.5m James Webb Space Telescope (JWST),NIRSpec,BOTS,G395H,8.28,"Jun 10, 2024 00:39:26","Jun 10, 2024 08:16:05",0.78961,0.01673,1.83,0.16326195,9.0,0.02831717,Mass,6.29,0.0,3740.0,1992.0,86.73,0.0258,1.899,5565.0,1.156,1.058,0.43,4.3437,331.203092,-12.019067,264.78,10.192,9.6,2.4
WASP-47 e,WASP-47,Eclipse,GO 3615,Archived,NASA 6.5m James Webb Space Telescope (JWST),NIRSpec,BOTS,G395H,8.28,"Jun 13, 2024 23:21:37","Jun 14, 2024 07:00:35",0.78961,0.01673,1.83,0.16326195,9.0,0.02831717,Mass,6.29,0.0,3740.0,1992.0,86.73,0.0258,1.899,5565.0,1.156,1.058,0.43,4.3437,331.203092,-12.019067,264.78,10.192,9.6,2.4
WASP-52 b,WASP-52,Transit,GO 3969,Archived,NASA 6.5m James Webb Space Telescope (JWST),NIRSpec,BOTS,G395H,7.52,"Oct 30, 2023 21:53:30","Oct 31, 2023 04:53:55",1.7497798,0.0272,14.24,1.27,146.2,0.46,Mass,0.29,0.0,605.7625,1315.0,85.35,2.71,1.8096,5000.0,0.79,0.87,0.03,4.582,348.4947931,8.7610793,174.818,10.086,365.0,190.0
GJ 3090 b,GJ 3090,Transit,GO 4098,Archived,NASA 6.5m James Webb Space Telescope (JWST),NIRISS,SOSS,N/A,5.19,"Dec 6, 2023 04:30:14","Dec 6, 2023 09:34:58",2.85310198,0.0316,2.18,0.19448691,4.52,0.01422151,Mass,2.4,0.25,45.4,723.0,86.9,0.15471069,1.281,3707.0,0.516,0.519,0.12,4.727,20.4384281,-46.7147234,22.4751,7.294,182.0,14.9
GJ 3090 b,GJ 3090,Transit,GO 4098,Archived,NASA 6.5m James Webb Space Telescope (JWST),NIRSpec,BOTS,G395H,5.22,"Sep 23, 2023 00:11:23","Sep 23, 2023 05:12:09",2.85310198,0.0316,2.18,0.19448691,4.52,0.01422151,Mass,2.4,0.25,45.4,723.0,86.9,0.15471069,1.281,3707.0,0.516,0.519,0.12,4.727,20.4384281,-46.7147234,22.4751,7.294,182.0,14.9
GJ 3090 b,GJ 3090,Transit,GO 4098,Skipped,NASA 6.5m James Webb Space Telescope (JWST),NIRISS,SOSS,N/A,5.19,N/A,N/A,2.85310198,0.0316,2.18,0.19448691,4.52,0.01422151,Mass,2.4,0.25,45.4,723.0,86.9,0.15471069,1.281,3707.0,0.516,0.519,0.12,4.727,20.4384281,-46.7147234,22.4751,7.294,182.0,14.9
WASP-189 b,WASP-189,Transit,GO 3279,Archived,NASA 6.5m James Webb Space Telescope (JWST),NIRISS,SOSS,N/A,13.19,"Mar 5, 2024 22:44:55","Mar 6, 2024 10:00:40",2.724033,0.05053,18.14733975,1.619,632.47852993,1.99,Mass,0.621987,0.0,8083.7169,3353.0,84.03,,4.3336,8000.0,2.36,2.03,0.29,3.9,225.686732,-3.0314874,99.731,6.06,382.0,520.0
GJ 3473 b,GJ 3473,Eclipse,GO 3730,Skipped,NASA 6.5m James Webb Space Telescope (JWST),MIRI,F1500W,N/A,4.78,N/A,N/A,1.1980035,0.01589,1.264,0.11276653,1.86,0.00585219,Mass,5.03,0.0,59.4,773.0,87.95,0.11503177,0.95,3347.0,0.364,0.36,0.11,4.81,120.5936065,3.3371629,27.3644,8.829001,14.3,6.8
GJ 3473 b,GJ 3473,Eclipse,GO 3730,Archived,NASA 6.5m James Webb Space Telescope (JWST),MIRI,F1500W,N/A,4.78,"Mar 30, 2024 09:11:58","Mar 30, 2024 13:49:04",1.1980035,0.01589,1.264,0.11276653,1.86,0.00585219,Mass,5.03,0.0,59.4,773.0,87.95,0.11503177,0.95,3347.0,0.364,0.36,0.11,4.81,120.5936065,3.3371629,27.3644,8.829001,14.3,6.8
GJ 3473 b,GJ 3473,Eclipse,GO 3730,Archived,NASA 6.5m James Webb Space Telescope (JWST),MIRI,F1500W,N/A,4.78,"Oct 20, 2024 00:57:28","Oct 20, 2024 05:45:12",1.1980035,0.01589,1.264,0.11276653,1.86,0.00585219,Mass,5.03,0.0,59.4,773.0,87.95,0.11503177,0.95,3347.0,0.364,0.36,0.11,4.81,120.5936065,3.3371629,27.3644,8.829001,14.3,6.8
GJ 357 b,GJ 357,Eclipse,GO 3730,Archived,NASA 6.5m James Webb Space Telescope (JWST),MIRI,F1500W,N/A,5.98,"May 11, 2024 10:13:47","May 11, 2024 15:19:58",3.9306,0.036,1.2,0.10705701,1.83,0.00575782,Mass,5.6,,12.6,518.0,89.228,0.0955,1.291,3505.0,0.337,0.342,-0.12,4.94,144.0074644,-21.6650634,9.44181,6.475,27.9,6.0
GJ 357 b,GJ 357,Eclipse,GO 3730,Skipped,NASA 6.5m James Webb Space Telescope (JWST),MIRI,F1500W,N/A,5.98,N/A,N/A,3.9306,0.036,1.2,0.10705701,1.83,0.00575782,Mass,5.6,,12.6,518.0,89.228,0.0955,1.291,3505.0,0.337,0.342,-0.12,4.94,144.0074644,-21.6650634,9.44181,6.475,27.9,6.0
TOI-5205 b,TOI-5205,Transit,GO 3171,Archived,NASA 6.5m James Webb Space Telescope (JWST),NIRSpec,BOTS,PRISM,6.84,"Oct 11, 2023 19:22:19","Oct 12, 2023 01:47:24",1.630757,0.0199,11.6,1.03,343.0,1.08,Mass,1.21,0.02,49.0,737.0,88.21,6.805,1.4,3430.0,0.394,0.392,0.0,4.84,313.7706819,24.360977,86.4493,11.006,102.0,153.0
TOI-5205 b,TOI-5205,Transit,GO 3171,Archived,NASA 6.5m James Webb Space Telescope (JWST),NIRSpec,BOTS,PRISM,6.84,"Oct 10, 2023 04:36:55","Oct 10, 2023 10:39:10",1.630757,0.0199,11.6,1.03,343.0,1.08,Mass,1.21,0.02,49.0,737.0,88.21,6.805,1.4,3430.0,0.394,0.392,0.0,4.84,313.7706819,24.360977,86.4493,11.006,102.0,153.0
TOI-5293 A b,TOI-5293 A,Transit,GO 3171,Skipped,NASA 6.5m James Webb Space Telescope (JWST),NIRSpec,BOTS,PRISM,7.44,N/A,N/A,2.930289,0.034,11.9,1.06,170.4,0.54,Mass,0.56,0.38,34.6,675.0,88.8,5.083,1.94,3586.0,0.52,0.54,-0.03,4.77,355.828682,-2.0450945,162.229,11.639,91.2,51.3
TOI-5293 A b,TOI-5293 A,Transit,GO 3171,Archived,NASA 6.5m James Webb Space Telescope (JWST),NIRSpec,BOTS,PRISM,7.44,"Jul 9, 2024 05:07:26","Jul 9, 2024 11:47:55",2.930289,0.034,11.9,1.06,170.4,0.54,Mass,0.56,0.38,34.6,675.0,88.8,5.083,1.94,3586.0,0.52,0.54,-0.03,4.77,355.828682,-2.0450945,162.229,11.639,91.2,51.3
TOI-5293 A b,TOI-5293 A,Transit,GO 3171,Archived,NASA 6.5m James Webb Space Telescope (JWST),NIRSpec,BOTS,PRISM,7.44,"Jun 27, 2024 11:04:33","Jun 27, 2024 18:09:33",2.930289,0.034,11.9,1.06,170.4,0.54,Mass,0.56,0.38,34.6,675.0,88.8,5.083,1.94,3586.0,0.52,0.54,-0.03,4.77,355.828682,-2.0450945,162.229,11.639,91.2,51.3
TOI-561 b,TOI-561,PhaseC,GO 3860,Archived,NASA 6.5m James Webb Space Telescope (JWST),NIRSpec,BOTS,G395H,44.22,"May 1, 2024 21:59:19","May 3, 2024 12:35:44",0.4465697,0.01064,1.397,0.12463221,2.02,0.00635563,Mass,4.1,0.0,4709.0,2319.0,87.0,0.0294,1.308,5342.0,0.843,0.806,-0.41,4.47,148.1851516,6.216103,85.799,8.394,14.0,8.0
TOI-270 d,TOI-270,Transit,GO 4098,Archived,NASA 6.5m James Webb Space Telescope (JWST),NIRSpec,BOTS,G395H,7.22,"Oct 4, 2023 02:34:26","Oct 4, 2023 09:09:54",11.38194,0.0721,2.0,0.17842836,4.2,0.01321468,Mass,2.9,0.0066,9.2135,383.0,89.68,0.2645,2.117,3506.0,0.38,0.386,-0.17,4.872,68.4160804,-51.9573937,22.4793,8.251,96.4,1.7
TOI-3235 b,TOI-3235,Transit,GO 3731,Archived,NASA 6.5m James Webb Space Telescope (JWST),NIRSpec,BOTS,PRISM,7.08,"Jul 27, 2024 22:30:12","Jul 28, 2024 05:10:47",2.59261842,0.02709,11.39953337,1.017,211.35589065,0.665,Mass,0.78,0.029,13.8883,604.0,88.14,7.821,1.48,3388.8,0.3697,0.3939,0.264,4.8976,207.4738488,-46.0665139,72.811,10.819,162.0,106.0
L 98-59 d,L 98-59,Transit,GO 4098,Archived,NASA 6.5m James Webb Space Telescope (JWST),NIRSpec,BOTS,G395H,5.4,"Mar 12, 2024 05:37:44","Mar 12, 2024 10:47:48",7.450729,0.0494,1.627,0.14515147,1.64,0.00516002,Mass,2.2,0.006,4.97,416.0,88.44,0.1445,0.84,3415.0,0.3155,0.2923,-0.46,4.91,124.5328604,-68.3144658,10.6194,7.101,358.0,4.2
L 98-59 d,L 98-59,Transit,GO 4098,Archived,NASA 6.5m James Webb Space Telescope (JWST),NIRISS,SOSS,N/A,4.99,"Dec 28, 2023 17:54:17","Dec 28, 2023 22:48:19",7.450729,0.0494,1.627,0.14515147,1.64,0.00516002,Mass,2.2,0.006,4.97,416.0,88.44,0.1445,0.84,3415.0,0.3155,0.2923,-0.46,4.91,124.5328604,-68.3144658,10.6194,7.101,358.0,4.2
LHS 1140 b,LHS 1140,Transit,DD 6543,Archived,NASA 6.5m James Webb Space Telescope (JWST),NIRISS,SOSS,N/A,7.88,"Dec 25, 2023 23:36:44","Dec 26, 2023 07:00:34",24.73723,0.0946,1.73,0.15434053,5.6,0.01761957,Mass,5.9,0.043,0.43,226.0,89.86,0.538,2.15,3096.0,0.2159,0.1844,-0.15,5.041,11.248632,-15.2741085,14.9861,8.821,67.5,0.2
TOI-5205 b,TOI-5205,Transit,GO 3731,Withdrawn,NASA 6.5m James Webb Space Telescope (JWST),NIRSpec,BOTS,PRISM,6.96,N/A,N/A,1.630757,0.0199,11.6,1.03,343.0,1.08,Mass,1.21,0.02,49.0,737.0,88.21,6.805,1.4,3430.0,0.394,0.392,0.0,4.84,313.7706819,24.360977,86.4493,11.006,102.0,153.0
TOI-5205 b,TOI-5205,Transit,GO 3171,Archived,NASA 6.5m James Webb Space Telescope (JWST),NIRSpec,BOTS,PRISM,6.84,"Oct 13, 2023 10:30:46","Oct 13, 2023 16:55:55",1.630757,0.0199,11.6,1.03,343.0,1.08,Mass,1.21,0.02,49.0,737.0,88.21,6.805,1.4,3430.0,0.394,0.392,0.0,4.84,313.7706819,24.360977,86.4493,11.006,102.0,153.0
L 98-59 b,L 98-59,Transit,GO 3942,Archived,NASA 6.5m James Webb Space Telescope (JWST),NIRSpec,BOTS,G395H,4.37,"Jan 30, 2024 06:01:59","Jan 30, 2024 10:23:52",2.253114,0.0223,0.837,0.07467227,0.46,0.00144732,Mass,4.3,0.031,24.5,620.0,88.08,0.0589,1.01,3415.0,0.3155,0.2923,-0.46,4.91,124.5328604,-68.3144658,10.6194,7.101,39.1,4.6
L 98-59 b,L 98-59,Transit,GO 3942,Archived,NASA 6.5m James Webb Space Telescope (JWST),NIRSpec,BOTS,G395H,4.37,"Feb 6, 2024 00:23:14","Feb 6, 2024 04:37:15",2.253114,0.0223,0.837,0.07467227,0.46,0.00144732,Mass,4.3,0.031,24.5,620.0,88.08,0.0589,1.01,3415.0,0.3155,0.2923,-0.46,4.91,124.5328604,-68.3144658,10.6194,7.101,39.1,4.6
L 98-59 b,L 98-59,Transit,GO 3942,Archived,NASA 6.5m James Webb Space Telescope (JWST),NIRSpec,BOTS,G395H,4.37,"Feb 19, 2024 12:41:46","Feb 19, 2024 17:03:48",2.253114,0.0223,0.837,0.07467227,0.46,0.00144732,Mass,4.3,0.031,24.5,620.0,88.08,0.0589,1.01,3415.0,0.3155,0.2923,-0.46,4.91,124.5328604,-68.3144658,10.6194,7.101,39.1,4.6
L 98-59 b,L 98-59,Transit,GO 3942,Archived,NASA 6.5m James Webb Space Telescope (JWST),NIRSpec,BOTS,G395H,4.37,"Feb 3, 2024 18:10:50","Feb 3, 2024 22:32:46",2.253114,0.0223,0.837,0.07467227,0.46,0.00144732,Mass,4.3,0.031,24.5,620.0,88.08,0.0589,1.01,3415.0,0.3155,0.2923,-0.46,4.91,124.5328604,-68.3144658,10.6194,7.101,39.1,4.6
L 98-59 c,L 98-59,Eclipse,GO 3730,Archived,NASA 6.5m James Webb Space Telescope (JWST),MIRI,F1500W,N/A,5.08,"Feb 2, 2024 23:34:28","Feb 3, 2024 04:33:06",3.6906764,0.0309,1.329,0.11856564,2.0,0.0062927,Mass,4.7,0.002,12.7,526.0,88.88,0.1486,1.28,3415.0,0.3155,0.2923,-0.46,4.91,124.5328604,-68.3144658,10.6194,7.101,30.5,6.9
TOI-824 b,TOI-824,Eclipse,GO 4102,Archived,NASA 6.5m James Webb Space Telescope (JWST),NIRSpec,BOTS,G395M,6.63,"Jul 31, 2024 22:08:50","Aug 1, 2024 04:30:23",1.392978,0.02177,2.926,0.26104024,18.467,0.05810339,Mass,4.03,,412.0,1253.0,83.65,0.149,1.15344,4600.0,0.695,0.71,-0.092,4.605,222.1654705,-57.5888666,63.9262,8.432,14.6,22.5
TOI-824 b,TOI-824,Eclipse,GO 4102,Archived,NASA 6.5m James Webb Space Telescope (JWST),NIRSpec,BOTS,G395M,6.63,"Jul 29, 2024 03:16:47","Jul 29, 2024 09:38:29",1.392978,0.02177,2.926,0.26104024,18.467,0.05810339,Mass,4.03,,412.0,1253.0,83.65,0.149,1.15344,4600.0,0.695,0.71,-0.092,4.605,222.1654705,-57.5888666,63.9262,8.432,14.6,22.5
Kepler-12 b,Kepler-12,Transit,GO 3969,Archived,NASA 6.5m James Webb Space Telescope (JWST),NIRSpec,BOTS,PRISM,13.93,"Jul 1, 2024 22:32:18","Jul 2, 2024 11:13:13",4.4379629,0.0553,19.660586,1.754,137.30256,0.432,Mass,0.11,0.0,877.539,1480.0,88.796,1.67211,4.69813,5947.0,1.483,1.166,0.07,4.175,286.2434458,50.0403671,881.386,12.066,141.0,41.4
Kepler-12 b,Kepler-12,Transit,GO 3969,Archived,NASA 6.5m James Webb Space Telescope (JWST),NIRSpec,BOTS,PRISM,13.93,"Apr 21, 2024 22:33:41","Apr 22, 2024 11:05:11",4.4379629,0.0553,19.660586,1.754,137.30256,0.432,Mass,0.11,0.0,877.539,1480.0,88.796,1.67211,4.69813,5947.0,1.483,1.166,0.07,4.175,286.2434458,50.0403671,881.386,12.066,141.0,41.4
KELT-7 b,KELT-7,Transit,GO 3838,Archived,NASA 6.5m James Webb Space Telescope (JWST),NIRSpec,BOTS,G395H,9.78,"Feb 23, 2024 15:51:38","Feb 24, 2024 00:53:23",2.73477,0.04415,17.9344,1.6,441.7837,1.39,Mass,0.442,0.0,1775.39,2048.0,83.76,0.83,3.5112,6768.0,1.81,1.76,0.0,4.5,78.2955912,33.3179532,136.681,7.543,266.0,268.0
TOI-270 b,TOI-270,Eclipse,GO 3730,Archived,NASA 6.5m James Webb Space Telescope (JWST),MIRI,F1500W,N/A,5.93,"Feb 10, 2024 10:35:09","Feb 10, 2024 16:16:55",3.35992,0.03197,1.28,0.11419415,1.48,0.0046566,Mass,3.89,0.0167,131.7935,600.0,89.39,0.09766941,1.294,3506.0,0.38,0.386,-0.17,4.872,68.4160804,-51.9573937,22.4793,8.251,16.9,3.9
TOI-270 b,TOI-270,Eclipse,GO 3730,Archived,NASA 6.5m James Webb Space Telescope (JWST),MIRI,F1500W,N/A,5.93,"Jan 31, 2024 08:38:50","Jan 31, 2024 14:20:34",3.35992,0.03197,1.28,0.11419415,1.48,0.0046566,Mass,3.89,0.0167,131.7935,600.0,89.39,0.09766941,1.294,3506.0,0.38,0.386,-0.17,4.872,68.4160804,-51.9573937,22.4793,8.251,16.9,3.9
TOI-270 d,TOI-270,Transit,GO 3557,Archived,NASA 6.5m James Webb Space Telescope (JWST),MIRI,LRS,N/A,6.05,"Jul 25, 2024 23:54:42","Jul 26, 2024 05:47:59",11.38194,0.0721,2.0,0.17842836,4.2,0.01321468,Mass,2.9,0.0066,9.2135,383.0,89.68,0.2645,2.117,3506.0,0.38,0.386,-0.17,4.872,68.4160804,-51.9573937,22.4793,8.251,96.4,1.7
TOI-270 d,TOI-270,Transit,GO 3818,Withdrawn,NASA 6.5m James Webb Space Telescope (JWST),NIRSpec,BOTS,G395H,7.23,N/A,N/A,11.38194,0.0721,2.0,0.17842836,4.2,0.01321468,Mass,2.9,0.0066,9.2135,383.0,89.68,0.2645,2.117,3506.0,0.38,0.386,-0.17,4.872,68.4160804,-51.9573937,22.4793,8.251,96.4,1.7
TOI-270 d,TOI-270,Transit,GO 4098,Archived,NASA 6.5m James Webb Space Telescope (JWST),NIRSpec,BOTS,G395H,7.22,"Aug 29, 2024 02:27:59","Aug 29, 2024 09:21:48",11.38194,0.0721,2.0,0.17842836,4.2,0.01321468,Mass,2.9,0.0066,9.2135,383.0,89.68,0.2645,2.117,3506.0,0.38,0.386,-0.17,4.872,68.4160804,-51.9573937,22.4793,8.251,96.4,1.7
TOI-270 d,TOI-270,Transit,GO 3557,Withdrawn,NASA 6.5m James Webb Space Telescope (JWST),NIRISS,SOSS,N/A,6.33,N/A,N/A,11.38194,0.0721,2.0,0.17842836,4.2,0.01321468,Mass,2.9,0.0066,9.2135,383.0,89.68,0.2645,2.117,3506.0,0.38,0.386,-0.17,4.872,68.4160804,-51.9573937,22.4793,8.251,96.4,1.7
TOI-270 d,TOI-270,Transit,GO 4098,Archived,NASA 6.5m James Webb Space Telescope (JWST),NIRISS,SOSS,N/A,7.2,"Feb 6, 2024 06:29:19","Feb 6, 2024 13:17:57",11.38194,0.0721,2.0,0.17842836,4.2,0.01321468,Mass,2.9,0.0066,9.2135,383.0,89.68,0.2645,2.117,3506.0,0.38,0.386,-0.17,4.872,68.4160804,-51.9573937,22.4793,8.251,96.4,1.7
TOI-270 d,TOI-270,Transit,GTO 2759,Archived,NASA 6.5m James Webb Space Telescope (JWST),NIRISS,SOSS,N/A,8.53,"Aug 6, 2024 08:37:54","Aug 6, 2024 16:01:47",11.38194,0.0721,2.0,0.17842836,4.2,0.01321468,Mass,2.9,0.0066,9.2135,383.0,89.68,0.2645,2.117,3506.0,0.38,0.386,-0.17,4.872,68.4160804,-51.9573937,22.4793,8.251,96.4,1.7
LHS 1478 b,LHS 1478,Eclipse,GO 3730,Archived,NASA 6.5m James Webb Space Telescope (JWST),MIRI,F1500W,N/A,4.58,"Jan 20, 2024 04:06:47","Jan 20, 2024 08:38:56",1.94953941,0.01872,1.174,0.10473745,2.27,0.00714222,Mass,7.7,0.038,20.9,597.3,87.69,0.1927,0.7133,3415.0,0.2462,0.2301,-0.38,5.017,44.3388743,76.5514045,18.2276,8.767,15.9,6.2
TOI-2445 b,TOI-2445,PhaseC,GO 3784,Archived,NASA 6.5m James Webb Space Telescope (JWST),NIRSpec,BOTS,PRISM,16.56,"Jan 28, 2024 05:18:24","Jan 28, 2024 20:10:20",0.3711281,0.0064,1.25,0.11151772,2.1,0.0066,M-R relationship,5.91,,204.4874,1060.0,,0.23226218,0.4918187,3333.0,0.27,0.25,,4.97,43.3161555,0.0523366,48.582,10.779,12.6,10.0
TOI-270 b,TOI-270,Eclipse,GO 3730,Archived,NASA 6.5m James Webb Space Telescope (JWST),MIRI,F1500W,N/A,5.93,"Feb 7, 2024 01:56:23","Feb 7, 2024 07:38:06",3.35992,0.03197,1.28,0.11419415,1.48,0.0046566,Mass,3.89,0.0167,131.7935,600.0,89.39,0.09766941,1.294,3506.0,0.38,0.386,-0.17,4.872,68.4160804,-51.9573937,22.4793,8.251,16.9,3.9
TOI-270 b,TOI-270,Eclipse,GO 3730,Archived,NASA 6.5m James Webb Space Telescope (JWST),MIRI,F1500W,N/A,5.93,"Feb 17, 2024 03:52:41","Feb 17, 2024 09:35:20",3.35992,0.03197,1.28,0.11419415,1.48,0.0046566,Mass,3.89,0.0167,131.7935,600.0,89.39,0.09766941,1.294,3506.0,0.38,0.386,-0.17,4.872,68.4160804,-51.9573937,22.4793,8.251,16.9,3.9
LHS 1140 b,LHS 1140,Transit,DD 6543,Archived,NASA 6.5m James Webb Space Telescope (JWST),NIRISS,SOSS,N/A,7.88,"Dec 1, 2023 05:56:27","Dec 1, 2023 13:15:22",24.73723,0.0946,1.73,0.15434053,5.6,0.01761957,Mass,5.9,0.043,0.43,226.0,89.86,0.538,2.15,3096.0,0.2159,0.1844,-0.15,5.041,11.248632,-15.2741085,14.9861,8.821,67.5,0.2
LHS 1140 c,LHS 1140,Eclipse,GO 3730,Archived,NASA 6.5m James Webb Space Telescope (JWST),MIRI,F1500W,N/A,5.36,"Nov 27, 2023 17:19:23","Nov 27, 2023 22:27:52",3.77794,0.027,1.272,0.11348043,1.91,0.00600953,Mass,5.1,0.05,5.3,422.0,89.8,0.29,1.13,3096.0,0.2159,0.1844,-0.15,5.041,11.248632,-15.2741085,14.9861,8.821,22.2,3.0
LHS 1140 c,LHS 1140,Eclipse,GO 3730,Archived,NASA 6.5m James Webb Space Telescope (JWST),MIRI,F1500W,N/A,5.36,"Jul 18, 2024 23:19:55","Jul 19, 2024 04:03:18",3.77794,0.027,1.272,0.11348043,1.91,0.00600953,Mass,5.1,0.05,5.3,422.0,89.8,0.29,1.13,3096.0,0.2159,0.1844,-0.15,5.041,11.248632,-15.2741085,14.9861,8.821,22.2,3.0
LHS 1140 c,LHS 1140,Eclipse,GO 3730,Archived,NASA 6.5m James Webb Space Telescope (JWST),MIRI,F1500W,N/A,5.36,"Jul 7, 2024 15:25:11","Jul 7, 2024 20:03:37",3.77794,0.027,1.272,0.11348043,1.91,0.00600953,Mass,5.1,0.05,5.3,422.0,89.8,0.29,1.13,3096.0,0.2159,0.1844,-0.15,5.041,11.248632,-15.2741085,14.9861,8.821,22.2,3.0
LHS 1478 b,LHS 1478,Eclipse,GO 3730,Archived,NASA 6.5m James Webb Space Telescope (JWST),MIRI,F1500W,N/A,4.58,"Nov 18, 2023 18:55:27","Nov 18, 2023 23:23:17",1.94953941,0.01872,1.174,0.10473745,2.27,0.00714222,Mass,7.7,0.038,20.9,597.3,87.69,0.1927,0.7133,3415.0,0.2462,0.2301,-0.38,5.017,44.3388743,76.5514045,18.2276,8.767,15.9,6.2
TOI-3714 b,TOI-3714,Transit,GO 3171,Archived,NASA 6.5m James Webb Space Telescope (JWST),NIRSpec,BOTS,PRISM,7.15,"Mar 7, 2024 05:23:59","Mar 7, 2024 12:04:40",2.154849,0.027,11.32107051,1.01,222.4798849,0.7,Mass,0.85,0.03,54.0,750.0,88.7,4.95521823,1.66,3660.0,0.51,0.53,0.1,4.75,69.5523415,39.4580035,112.71,10.852,97.2,89.6
TOI-3714 b,TOI-3714,Transit,GO 3171,Archived,NASA 6.5m James Webb Space Telescope (JWST),NIRSpec,BOTS,PRISM,7.16,"Feb 29, 2024 19:35:52","Mar 1, 2024 01:32:21",2.154849,0.027,11.32107051,1.01,222.4798849,0.7,Mass,0.85,0.03,54.0,750.0,88.7,4.95521823,1.66,3660.0,0.51,0.53,0.1,4.75,69.5523415,39.4580035,112.71,10.852,97.2,89.6
TOI-3714 b,TOI-3714,Transit,GO 3171,Archived,NASA 6.5m James Webb Space Telescope (JWST),NIRSpec,BOTS,PRISM,7.16,"Mar 2, 2024 21:52:24","Mar 3, 2024 04:33:15",2.154849,0.027,11.32107051,1.01,222.4798849,0.7,Mass,0.85,0.03,54.0,750.0,88.7,4.95521823,1.66,3660.0,0.51,0.53,0.1,4.75,69.5523415,39.4580035,112.71,10.852,97.2,89.6
TOI-3757 b,TOI-3757,Transit,GO 3171,Archived,NASA 6.5m James Webb Space Telescope (JWST),NIRSpec,BOTS,PRISM,7.47,"Mar 23, 2024 09:22:35","Mar 23, 2024 16:19:24",3.438753,0.03845,12.0,1.07057014,85.3,0.26838381,Mass,0.27,0.14,55.4,759.0,86.76,3.29144087,1.92,3913.0,0.62,0.64,0.0,4.68,91.0036423,55.0199793,181.139,11.152,183.0,56.2
TOI-3757 b,TOI-3757,Transit,GO 3171,Archived,NASA 6.5m James Webb Space Telescope (JWST),NIRSpec,BOTS,PRISM,7.47,"Mar 19, 2024 23:10:52","Mar 20, 2024 05:47:12",3.438753,0.03845,12.0,1.07057014,85.3,0.26838381,Mass,0.27,0.14,55.4,759.0,86.76,3.29144087,1.92,3913.0,0.62,0.64,0.0,4.68,91.0036423,55.0199793,181.139,11.152,183.0,56.2
TOI-3984 A b,TOI-3984 A,Transit,GO 3171,Archived,NASA 6.5m James Webb Space Telescope (JWST),NIRSpec,BOTS,PRISM,7.71,"Jun 10, 2024 19:18:55","Jun 11, 2024 02:20:51",4.353326,0.041,7.9,0.71,44.0,0.14,Mass,0.49,0.23,16.7,563.0,89.5,2.174,2.01,3476.0,0.47,0.49,0.18,4.81,226.3371468,36.7869747,108.883,11.052,135.0,21.9
TOI-3984 A b,TOI-3984 A,Transit,GO 3171,Archived,NASA 6.5m James Webb Space Telescope (JWST),NIRSpec,BOTS,PRISM,7.71,"Apr 28, 2024 07:02:51","Apr 28, 2024 13:32:14",4.353326,0.041,7.9,0.71,44.0,0.14,Mass,0.49,0.23,16.7,563.0,89.5,2.174,2.01,3476.0,0.47,0.49,0.18,4.81,226.3371468,36.7869747,108.883,11.052,135.0,21.9
TOI-3984 A b,TOI-3984 A,Transit,GO 3171,Archived,NASA 6.5m James Webb Space Telescope (JWST),NIRSpec,BOTS,PRISM,7.71,"Jun 6, 2024 10:42:32","Jun 6, 2024 17:51:41",4.353326,0.041,7.9,0.71,44.0,0.14,Mass,0.49,0.23,16.7,563.0,89.5,2.174,2.01,3476.0,0.47,0.49,0.18,4.81,226.3371468,36.7869747,108.883,11.052,135.0,21.9
TRAPPIST-1 b,TRAPPIST-1,PhaseC,GO 3077,Archived,NASA 6.5m James Webb Space Telescope (JWST),MIRI,F1500W,N/A,24.04,"Nov 24, 2023 10:13:23","Nov 25, 2023 06:55:41",1.510826,0.01154,1.116,0.09956302,1.374,0.00432309,Mass,5.441939,0.00622,4.153,397.6,89.728,0.7378,0.601,2566.0,0.1192,0.0898,0.052,5.2396,346.6263919,-5.0434618,12.42988881,10.296,28.8,3.9
TRAPPIST-1 c,TRAPPIST-1,PhaseC,GO 3077,Archived,NASA 6.5m James Webb Space Telescope (JWST),MIRI,F1500W,N/A,24.04,"Nov 24, 2023 10:13:23","Nov 25, 2023 06:55:41",2.421937,0.0158,1.097,0.09786795,1.308,0.00411543,Mass,5.463993,0.00654,2.214,339.7,89.778,0.7123,0.7005,2566.0,0.1192,0.0898,0.052,5.2396,346.6263919,-5.0434618,12.42988881,10.296,24.6,1.8
TRAPPIST-1 b,TRAPPIST-1,PhaseC,GO 3077,Archived,NASA 6.5m James Webb Space Telescope (JWST),MIRI,F1500W,N/A,45.4,"Nov 22, 2023 18:33:39","Nov 24, 2023 10:13:19",1.510826,0.01154,1.116,0.09956302,1.374,0.00432309,Mass,5.441939,0.00622,4.153,397.6,89.728,0.7378,0.601,2566.0,0.1192,0.0898,0.052,5.2396,346.6263919,-5.0434618,12.42988881,10.296,28.8,3.9
TRAPPIST-1 c,TRAPPIST-1,PhaseC,GO 3077,Archived,NASA 6.5m James Webb Space Telescope (JWST),MIRI,F1500W,N/A,45.4,"Nov 22, 2023 18:33:39","Nov 24, 2023 10:13:19",2.421937,0.0158,1.097,0.09786795,1.308,0.00411543,Mass,5.463993,0.00654,2.214,339.7,89.778,0.7123,0.7005,2566.0,0.1192,0.0898,0.052,5.2396,346.6263919,-5.0434618,12.42988881,10.296,24.6,1.8
K2-22 b,K2-22,Transit,GO 3315,Archived,NASA 6.5m James Webb Space Telescope (JWST),MIRI,LRS,N/A,4.57,"Apr 24, 2024 14:41:47","Apr 24, 2024 19:08:25",0.381073,0.009,2.3,0.20519261,444.962,1.4,Mass,,0.19,114.0,2100.0,90.6,0.624,0.5856,3879.0,0.58,0.595292,0.032,4.7,169.4827046,2.6190363,243.836,11.924,0.6,11.6
K2-22 b,K2-22,Transit,GO 3315,Archived,NASA 6.5m James Webb Space Telescope (JWST),MIRI,LRS,N/A,4.57,"Apr 26, 2024 12:42:38","Apr 26, 2024 16:52:29",0.381073,0.009,2.3,0.20519261,444.962,1.4,Mass,,0.19,114.0,2100.0,90.6,0.624,0.5856,3879.0,0.58,0.595292,0.032,4.7,169.4827046,2.6190363,243.836,11.924,0.6,11.6
K2-22 b,K2-22,PhaseC,GO 3315,Archived,NASA 6.5m James Webb Space Telescope (JWST),MIRI,LRS,N/A,15.2,"Apr 27, 2024 06:43:08","Apr 27, 2024 20:20:00",0.381073,0.009,2.3,0.20519261,444.962,1.4,Mass,,0.19,114.0,2100.0,90.6,0.624,0.5856,3879.0,0.58,0.595292,0.032,4.7,169.4827046,2.6190363,243.836,11.924,0.6,11.6
HD 260655 b,HD 260655,Eclipse,GO 3730,Archived,NASA 6.5m James Webb Space Telescope (JWST),MIRI,F1500W,N/A,5.28,"Mar 15, 2024 21:27:55","Mar 16, 2024 02:31:16",2.76953,0.02933,1.24,0.11062558,2.14,0.00673319,Mass,6.2,0.039,42.2,709.0,87.35,0.0712,1.15,3803.0,0.439,0.439,-0.43,5.2,99.2915429,17.5662696,10.0055,5.862,28.8,11.9
HD 260655 b,HD 260655,Eclipse,GO 3730,Archived,NASA 6.5m James Webb Space Telescope (JWST),MIRI,F1500W,N/A,5.28,"Mar 7, 2024 14:25:22","Mar 7, 2024 19:05:39",2.76953,0.02933,1.24,0.11062558,2.14,0.00673319,Mass,6.2,0.039,42.2,709.0,87.35,0.0712,1.15,3803.0,0.439,0.439,-0.43,5.2,99.2915429,17.5662696,10.0055,5.862,28.8,11.9
TrES-4 b,TrES-4,Transit,GO 3838,Archived,NASA 6.5m James Webb Space Telescope (JWST),NIRSpec,BOTS,G395H,9.91,"Jun 17, 2024 00:32:26","Jun 17, 2024 09:08:38",3.55395,0.05084,18.04649,1.61,247.9074,0.78,Mass,0.099,0.0,2276.295,1778.0,82.81,0.98,3.6341388,6200.0,1.66,1.08,0.14,4.06,268.3043361,37.2117397,515.98,10.33,134.0,79.6
TOI-1231 b,TOI-1231,Transit,GO 3557,Archived,NASA 6.5m James Webb Space Telescope (JWST),NIRSpec,BOTS,G395H,7.36,"Apr 30, 2024 02:52:48","Apr 30, 2024 09:18:42",24.245586,0.1288,3.65,0.32563175,15.4,0.04845382,Mass,1.74,0.087,1.93,329.6,89.73,0.492,3.24,3553.0,0.476,0.485,0.041,4.767,156.74726,-52.4678724,27.6227,8.069,21.6,1.9
TOI-125 b,TOI-125,Transit,GO 4126,Skipped,NASA 6.5m James Webb Space Telescope (JWST),NIRSpec,BOTS,G395H,9.97,N/A,N/A,4.65382,0.05186,2.726,0.24319743,9.5,0.02989019,Mass,2.57,0.194,185.0,1037.0,88.92,0.087,2.9616,5320.0,0.848,0.859,-0.02,4.516,23.5934253,-66.6763495,111.059,8.995,49.5,5.9
TOI-125 b,TOI-125,Transit,GO 4126,Archived,NASA 6.5m James Webb Space Telescope (JWST),NIRSpec,BOTS,G395H,9.97,"Sep 29, 2024 18:41:25","Sep 30, 2024 03:55:24",4.65382,0.05186,2.726,0.24319743,9.5,0.02989019,Mass,2.57,0.194,185.0,1037.0,88.92,0.087,2.9616,5320.0,0.848,0.859,-0.02,4.516,23.5934253,-66.6763495,111.059,8.995,49.5,5.9
TOI-125 c,TOI-125,Transit,GO 4126,Archived,NASA 6.5m James Webb Space Telescope (JWST),NIRSpec,BOTS,G395H,9.95,"Nov 26, 2024 17:32:08","Nov 27, 2024 02:47:15",9.15059,0.0814,2.759,0.24614149,6.63,0.02086021,Mass,1.73,0.066,77.59,827.8,88.54,0.0891,2.9544,5320.0,0.848,0.859,-0.02,4.516,23.5934253,-66.6763495,111.059,8.995,13.1,3.6
TOI-125 c,TOI-125,Transit,GO 4126,Skipped,NASA 6.5m James Webb Space Telescope (JWST),NIRSpec,BOTS,G395H,9.95,N/A,N/A,9.15059,0.0814,2.759,0.24614149,6.63,0.02086021,Mass,1.73,0.066,77.59,827.8,88.54,0.0891,2.9544,5320.0,0.848,0.859,-0.02,4.516,23.5934253,-66.6763495,111.059,8.995,13.1,3.6
TOI-1468 b,TOI-1468,Eclipse,GO 3730,Archived,NASA 6.5m James Webb Space Telescope (JWST),MIRI,F1500W,N/A,5.33,"Dec 1, 2023 18:44:00","Dec 1, 2023 23:51:08",1.8805201,0.02107,1.401,0.12498906,3.04,0.00956491,Mass,6.1,0.0099,36.4,683.5,87.82,0.1198,1.09,3376.0,0.3714,0.3527,-0.01,4.846,16.6538724,19.2249195,24.7399,8.497,11.5,6.6
TOI-1468 b,TOI-1468,Eclipse,GO 3730,Archived,NASA 6.5m James Webb Space Telescope (JWST),MIRI,F1500W,N/A,5.33,"Nov 29, 2023 21:35:51","Nov 30, 2023 02:42:04",1.8805201,0.02107,1.401,0.12498906,3.04,0.00956491,Mass,6.1,0.0099,36.4,683.5,87.82,0.1198,1.09,3376.0,0.3714,0.3527,-0.01,4.846,16.6538724,19.2249195,24.7399,8.497,11.5,6.6
TOI-1468 b,TOI-1468,Eclipse,GO 3730,Archived,NASA 6.5m James Webb Space Telescope (JWST),MIRI,F1500W,N/A,5.33,"Jan 17, 2024 19:04:00","Jan 18, 2024 00:14:57",1.8805201,0.02107,1.401,0.12498906,3.04,0.00956491,Mass,6.1,0.0099,36.4,683.5,87.82,0.1198,1.09,3376.0,0.3714,0.3527,-0.01,4.846,16.6538724,19.2249195,24.7399,8.497,11.5,6.6
TOI-1130 c,TOI-1130,Transit,GO 3385,Archived,NASA 6.5m James Webb Space Telescope (JWST),NIRISS,SOSS,N/A,7.74,"Sep 7, 2024 21:26:04","Sep 8, 2024 04:47:01",8.3501898,0.0731,13.0,1.15978431,336.0,1.05717423,Mass,0.827042,0.0398,30.0,650.0,87.61,1.668,2.02,4360.0,0.697,0.745,0.11,4.55,286.3760037,-41.4376399,58.2609,8.351,155.0,109.0
TOI-1231 b,TOI-1231,Transit,GO 3557,Archived,NASA 6.5m James Webb Space Telescope (JWST),MIRI,LRS,N/A,8.59,"Dec 28, 2024 13:09:49","Dec 28, 2024 20:32:47",24.245586,0.1288,3.65,0.32563175,15.4,0.04845382,Mass,1.74,0.087,1.93,329.6,89.73,0.492,3.24,3553.0,0.476,0.485,0.041,4.767,156.74726,-52.4678724,27.6227,8.069,21.6,1.9
TOI-1231 b,TOI-1231,Transit,GO 3557,Archived,NASA 6.5m James Webb Space Telescope (JWST),NIRISS,SOSS,N/A,7.66,"Jan 21, 2025 19:04:36","Jan 22, 2025 02:21:43",24.245586,0.1288,3.65,0.32563175,15.4,0.04845382,Mass,1.74,0.087,1.93,329.6,89.73,0.492,3.24,3553.0,0.476,0.485,0.041,4.767,156.74726,-52.4678724,27.6227,8.069,21.6,1.9
TOI-1899 b,TOI-1899,Transit,GO 4227,Archived,NASA 6.5m James Webb Space Telescope (JWST),NIRSpec,BOTS,PRISM,12.6,"May 10, 2025 17:16:34","May 11, 2025 04:17:29",29.090312,0.1525,11.09689089,0.99,212.94503269,0.67,Mass,0.85,0.044,3.4,378.0,89.64,3.41807427,4.7,3926.0,0.607,0.632,0.28,4.672,299.4268472,40.1433462,128.438,10.509,40.8,6.0
TOI-1899 b,TOI-1899,Transit,GO 4227,Skipped,NASA 6.5m James Webb Space Telescope (JWST),NIRSpec,BOTS,PRISM,12.6,N/A,N/A,29.090312,0.1525,11.09689089,0.99,212.94503269,0.67,Mass,0.85,0.044,3.4,378.0,89.64,3.41807427,4.7,3926.0,0.607,0.632,0.28,4.672,299.4268472,40.1433462,128.438,10.509,40.8,6.0
LHS 3844 b,LHS 3844,PhaseC,GO 4008,Archived,NASA 6.5m James Webb Space Telescope (JWST),NIRSpec,BOTS,G395H,18.63,"Jun 25, 2024 00:57:27","Jun 25, 2024 17:08:11",0.462929709,0.00624,1.286,0.11472943,2.37,0.00745685,Mass,6.15,0.0,73.67,816.0,88.9,0.0696,0.5242,3080.0,0.189,0.151,0.22,5.07,340.4962038,-69.1721081,14.8846,9.145001,38.1,28.6
TOI-1685 b,TOI-1685,Transit,GO 4195,Archived,NASA 6.5m James Webb Space Telescope (JWST),NIRSpec,BOTS,G395H,6.17,"Aug 31, 2024 23:13:50","Sep 1, 2024 05:13:11",0.66913923,0.01164,1.421,0.12677335,3.07,0.0096593,Mass,5.3,0.0,213.0,1000.0,86.62,0.09934985,0.904,3470.0,0.462,0.466,0.01,4.68,68.5939529,43.0370395,37.6153,8.758,9.9,9.4
TOI-1685 b,TOI-1685,Transit,GO 4195,Archived,NASA 6.5m James Webb Space Telescope (JWST),NIRSpec,BOTS,G395H,6.17,"Feb 25, 2024 06:32:33","Feb 25, 2024 12:27:28",0.66913923,0.01164,1.421,0.12677335,3.07,0.0096593,Mass,5.3,0.0,213.0,1000.0,86.62,0.09934985,0.904,3470.0,0.462,0.466,0.01,4.68,68.5939529,43.0370395,37.6153,8.758,9.9,9.4
TOI-1685 b,TOI-1685,Transit,GO 4195,Skipped,NASA 6.5m James Webb Space Telescope (JWST),NIRSpec,BOTS,G395H,6.17,N/A,N/A,0.66913923,0.01164,1.421,0.12677335,3.07,0.0096593,Mass,5.3,0.0,213.0,1000.0,86.62,0.09934985,0.904,3470.0,0.462,0.466,0.01,4.68,68.5939529,43.0370395,37.6153,8.758,9.9,9.4
TOI-1685 b,TOI-1685,Transit,GO 4098,Archived,NASA 6.5m James Webb Space Telescope (JWST),NIRISS,SOSS,N/A,4.45,"Jan 16, 2025 04:08:53","Jan 16, 2025 08:39:47",0.66913923,0.01164,1.421,0.12677335,3.07,0.0096593,Mass,5.3,0.0,213.0,1000.0,86.62,0.09934985,0.904,3470.0,0.462,0.466,0.01,4.68,68.5939529,43.0370395,37.6153,8.758,9.9,9.4
TOI-1685 b,TOI-1685,PhaseC,GO 3263,Archived,NASA 6.5m James Webb Space Telescope (JWST),NIRSpec,BOTS,G395H,23.03,"Feb 14, 2024 22:06:50","Feb 15, 2024 18:33:54",0.66913923,0.01164,1.421,0.12677335,3.07,0.0096593,Mass,5.3,0.0,213.0,1000.0,86.62,0.09934985,0.904,3470.0,0.462,0.466,0.01,4.68,68.5939529,43.0370395,37.6153,8.758,9.9,9.4
TOI-1685 b,TOI-1685,Transit,GO 4098,Archived,NASA 6.5m James Webb Space Telescope (JWST),NIRISS,SOSS,N/A,4.45,"Jan 15, 2025 12:05:17","Jan 15, 2025 16:36:07",0.66913923,0.01164,1.421,0.12677335,3.07,0.0096593,Mass,5.3,0.0,213.0,1000.0,86.62,0.09934985,0.904,3470.0,0.462,0.466,0.01,4.68,68.5939529,43.0370395,37.6153,8.758,9.9,9.4
TOI-1685 b,TOI-1685,Transit,GO 4195,Archived,NASA 6.5m James Webb Space Telescope (JWST),NIRSpec,BOTS,G395H,6.17,"Feb 29, 2024 06:54:28","Feb 29, 2024 12:44:13",0.66913923,0.01164,1.421,0.12677335,3.07,0.0096593,Mass,5.3,0.0,213.0,1000.0,86.62,0.09934985,0.904,3470.0,0.462,0.466,0.01,4.68,68.5939529,43.0370395,37.6153,8.758,9.9,9.4
HATS-75 b,HATS-75,Transit,GO 3171,Skipped,NASA 6.5m James Webb Space Telescope (JWST),NIRSpec,BOTS,PRISM,7.38,N/A,N/A,2.7886556,0.032742,9.90873894,0.884,156.05374784,0.491,Mass,0.878,0.064,59.26,772.3,88.07,2.63399058,1.91256,3790.4,0.5848,0.6017,0.522,4.6831,60.9493919,-25.4089214,194.964,11.584,51.6,38.4
HATS-75 b,HATS-75,Transit,GO 3171,Archived,NASA 6.5m James Webb Space Telescope (JWST),NIRSpec,BOTS,PRISM,7.38,"Aug 9, 2024 17:38:32","Aug 10, 2024 00:40:35",2.7886556,0.032742,9.90873894,0.884,156.05374784,0.491,Mass,0.878,0.064,59.26,772.3,88.07,2.63399058,1.91256,3790.4,0.5848,0.6017,0.522,4.6831,60.9493919,-25.4089214,194.964,11.584,51.6,38.4
HD 106315 c,HD 106315,Transit,GO 2950,Archived,NASA 6.5m James Webb Space Telescope (JWST),MIRI,LRS,N/A,14.17,"Jun 13, 2024 00:21:21","Jun 13, 2024 12:52:51",21.05704,0.1536,4.35,0.38808101,15.2,0.04782431,Mass,1.01,0.22,97.0,886.0,88.61,0.10069865,4.638,6327.0,1.296,1.091,-0.311,4.252,183.4724742,-0.3934357,109.353,7.853,78.2,6.3
HAT-P-30 b,HAT-P-30,Transit,GO 3838,Archived,NASA 6.5m James Webb Space Telescope (JWST),NIRSpec,BOTS,G395H,8.33,"Mar 10, 2024 22:20:47","Mar 11, 2024 06:02:39",2.8106,0.0419,16.14096,1.44,263.7989,0.83,Mass,0.309,0.04,1467.9573,1630.0,83.6,1.3,2.2499254,6304.0,1.31,1.55,0.13,4.36,123.9498431,5.8368669,213.985,9.151,225.0,150.0
HAT-P-65 b,HAT-P-65,Transit,GO 3969,Archived,NASA 6.5m James Webb Space Telescope (JWST),NIRSpec,BOTS,PRISM,13.16,"Jun 12, 2024 00:44:48","Jun 12, 2024 12:36:01",2.60544751,0.04042,18.05766791,1.611,176.07693748,0.554,Mass,0.164,0.304,1821.0,1818.0,88.3,1.11399639,4.3656,5872.0,1.666,1.297,0.208,4.1079,315.9054895,11.9893675,738.519,11.528,105.0,50.3
HAT-P-65 b,HAT-P-65,Transit,GO 3969,Archived,NASA 6.5m James Webb Space Telescope (JWST),NIRSpec,BOTS,PRISM,13.16,"Jun 9, 2024 10:13:14","Jun 9, 2024 22:04:33",2.60544751,0.04042,18.05766791,1.611,176.07693748,0.554,Mass,0.164,0.304,1821.0,1818.0,88.3,1.11399639,4.3656,5872.0,1.666,1.297,0.208,4.1079,315.9054895,11.9893675,738.519,11.528,105.0,50.3
HATS-6 b,HATS-6,Transit,GO 3171,Archived,NASA 6.5m James Webb Space Telescope (JWST),NIRSpec,BOTS,PRISM,7.61,"Jan 15, 2024 02:41:02","Jan 15, 2024 09:47:38",3.3252725,0.03623,11.186582,0.998,101.38777,0.319,Mass,0.399,0.0,47.3315,712.8,88.21,3.23,2.04096,3724.0,0.57,0.574,0.2,4.683,88.1468079,-19.0316268,169.318,11.224,136.0,50.5
HATS-6 b,HATS-6,Transit,GO 3171,Archived,NASA 6.5m James Webb Space Telescope (JWST),NIRSpec,BOTS,PRISM,7.61,"Jan 21, 2024 18:15:31","Jan 22, 2024 01:25:03",3.3252725,0.03623,11.186582,0.998,101.38777,0.319,Mass,0.399,0.0,47.3315,712.8,88.21,3.23,2.04096,3724.0,0.57,0.574,0.2,4.683,88.1468079,-19.0316268,169.318,11.224,136.0,50.5
HATS-75 b,HATS-75,Transit,GO 3171,Archived,NASA 6.5m James Webb Space Telescope (JWST),NIRSpec,BOTS,PRISM,7.38,"Aug 15, 2024 07:29:18","Aug 15, 2024 14:31:18",2.7886556,0.032742,9.90873894,0.884,156.05374784,0.491,Mass,0.878,0.064,59.26,772.3,88.07,2.63399058,1.91256,3790.4,0.5848,0.6017,0.522,4.6831,60.9493919,-25.4089214,194.964,11.584,51.6,38.4
HATS-75 b,HATS-75,Transit,GO 3171,Archived,NASA 6.5m James Webb Space Telescope (JWST),NIRSpec,BOTS,PRISM,7.38,"Aug 18, 2024 02:24:42","Aug 18, 2024 09:26:36",2.7886556,0.032742,9.90873894,0.884,156.05374784,0.491,Mass,0.878,0.064,59.26,772.3,88.07,2.63399058,1.91256,3790.4,0.5848,0.6017,0.522,4.6831,60.9493919,-25.4089214,194.964,11.584,51.6,38.4
WASP-15 b,WASP-15,Transit,GO 3838,Archived,NASA 6.5m James Webb Space Telescope (JWST),NIRSpec,BOTS,G395H,10.04,"Jan 26, 2024 22:17:28","Jan 27, 2024 07:32:26",3.7521,0.05165,15.80469,1.41,171.6282,0.54,Mass,0.263,0.0,1237.7366,1676.0,85.96,0.97,3.7128,6300.0,1.48,1.18,-0.17,4.35,208.9280111,-32.1597118,282.091,9.693,207.0,92.1
GJ 3090 b,GJ 3090,Transit,GO 4098,Archived,NASA 6.5m James Webb Space Telescope (JWST),NIRISS,SOSS,N/A,5.19,"Jul 4, 2024 07:27:13","Jul 4, 2024 12:36:15",2.85310198,0.0316,2.18,0.19448691,4.52,0.01422151,Mass,2.4,0.25,45.4,723.0,86.9,0.15471069,1.281,3707.0,0.516,0.519,0.12,4.727,20.4384281,-46.7147234,22.4751,7.294,182.0,14.9
GJ 3090 b,GJ 3090,Transit,GO 4098,Archived,NASA 6.5m James Webb Space Telescope (JWST),NIRSpec,BOTS,G395H,5.22,"Aug 2, 2023 15:47:21","Aug 2, 2023 20:41:03",2.85310198,0.0316,2.18,0.19448691,4.52,0.01422151,Mass,2.4,0.25,45.4,723.0,86.9,0.15471069,1.281,3707.0,0.516,0.519,0.12,4.727,20.4384281,-46.7147234,22.4751,7.294,182.0,14.9
LTT 9779 b,LTT 9779,PhaseC,GO 3231,Archived,NASA 6.5m James Webb Space Telescope (JWST),NIRSpec,BOTS,G395H,24.97,"Oct 17, 2024 07:35:52","Oct 18, 2024 05:10:30",0.792052,0.01679,4.72,0.4210902,29.32,0.09225057,Mass,1.536,0.0,1781.1556,1978.0,76.39,0.15617799,0.3656119,5443.0,0.949,1.02,0.27,4.35,358.6688767,-37.6282237,80.4373,8.016,185.0,66.4
NGTS-2 b,NGTS-2,Transit,GO 3838,Archived,NASA 6.5m James Webb Space Telescope (JWST),NIRSpec,BOTS,G395H,11.13,"Jul 10, 2024 03:03:47","Jul 10, 2024 13:17:08",4.511164,0.063,17.878355,1.595,235.1942,0.74,Mass,0.226,0.0,1085.35,1468.0,88.5,1.117,4.651,6478.0,1.702,1.64,-0.06,4.197,215.1227617,-31.2020698,356.391,9.799,138.0,66.0
PH2 b,PH2,Transit,GO 3235,Archived,NASA 6.5m James Webb Space Telescope (JWST),NIRSpec,BOTS,PRISM,23.75,"Sep 10, 2024 00:35:08","Sep 10, 2024 20:53:56",282.52542,0.833,9.33708092,0.833,87.08498352,0.274,Mass,0.58,0.215,1.2,295.1,89.898,0.8154,10.81,5734.0,0.949,0.966,0.017,4.47,289.7636212,51.962683,343.863,11.116,17.6,0.2
TOI-1130 b,TOI-1130,Transit,GO 3385,Archived,NASA 6.5m James Webb Space Telescope (JWST),NIRISS,SOSS,N/A,8.07,"Aug 24, 2024 10:46:04","Aug 24, 2024 18:23:54",4.074554,0.0453,3.66,0.32652389,19.8,0.06229777,Mass,2.23,0.052162,78.1,825.0,87.49,0.2650095,1.8373729,4360.0,0.697,0.745,0.11,4.55,286.3760037,-41.4376399,58.2609,8.351,18.2,16.1
WASP-96 b,WASP-96,Transit,GO 4082,Archived,NASA 6.5m James Webb Space Telescope (JWST),NIRSpec,BOTS,G395H,6.68,"Aug 10, 2024 01:55:29","Aug 10, 2024 08:16:37",3.4252602,0.0453,13.45,1.2,152.55,0.48,Mass,0.37,0.0,517.0,1285.0,85.6,1.38,2.4264,5540.0,1.05,1.06,0.14,4.42,1.0465696,-47.3606352,352.464,10.914,119.0,55.7
LTT 3780 b,LTT 3780,Eclipse,GO 3730,Archived,NASA 6.5m James Webb Space Telescope (JWST),MIRI,F1500W,N/A,4.67,"May 4, 2024 15:13:45","May 4, 2024 19:42:06",0.76837931,0.01195,1.325,0.11820879,2.46,0.00774003,Mass,5.8,0.0,111.0,903.0,86.1,0.1032,0.7883,3358.0,0.38,0.381,0.06,4.85,154.6449033,-11.717801,21.9814,8.204001,17.7,13.1
LTT 3780 b,LTT 3780,Eclipse,GO 3730,Archived,NASA 6.5m James Webb Space Telescope (JWST),MIRI,F1500W,N/A,4.67,"May 5, 2024 09:37:10","May 5, 2024 14:08:20",0.76837931,0.01195,1.325,0.11820879,2.46,0.00774003,Mass,5.8,0.0,111.0,903.0,86.1,0.1032,0.7883,3358.0,0.38,0.381,0.06,4.85,154.6449033,-11.717801,21.9814,8.204001,17.7,13.1
LTT 3780 c,LTT 3780,Transit,GO 3557,Archived,NASA 6.5m James Webb Space Telescope (JWST),MIRI,LRS,N/A,5.24,"Dec 9, 2024 13:41:17","Dec 9, 2024 18:52:43",12.252284,0.0757,2.39,0.21322189,8.04,0.02529667,Mass,3.24,0.024,2.76,359.0,88.958,0.3355,1.54,3358.0,0.38,0.381,0.06,4.85,154.6449033,-11.717801,21.9814,8.204001,84.0,2.0
LTT 3780 c,LTT 3780,Transit,GO 3557,Archived,NASA 6.5m James Webb Space Telescope (JWST),NIRISS,SOSS,N/A,4.67,"Apr 20, 2024 19:04:33","Apr 20, 2024 23:37:32",12.252284,0.0757,2.39,0.21322189,8.04,0.02529667,Mass,3.24,0.024,2.76,359.0,88.958,0.3355,1.54,3358.0,0.38,0.381,0.06,4.85,154.6449033,-11.717801,21.9814,8.204001,84.0,2.0
LTT 3780 c,LTT 3780,Transit,GO 3557,Archived,NASA 6.5m James Webb Space Telescope (JWST),NIRSpec,BOTS,G395H,4.6,"May 27, 2024 13:43:12","May 27, 2024 17:57:13",12.252284,0.0757,2.39,0.21322189,8.04,0.02529667,Mass,3.24,0.024,2.76,359.0,88.958,0.3355,1.54,3358.0,0.38,0.381,0.06,4.85,154.6449033,-11.717801,21.9814,8.204001,84.0,2.0
TOI-1468 c,TOI-1468,Transit,GO 3557,Archived,NASA 6.5m James Webb Space Telescope (JWST),MIRI,LRS,N/A,6.32,"Aug 30, 2024 11:13:03","Aug 30, 2024 17:20:17",15.532477,0.08608,2.126,0.18966934,4.1,0.01290004,Mass,2.31,0.111,2.13,338.1,89.22,0.276,1.86,3376.0,0.3714,0.3527,-0.01,4.846,16.6538724,19.2249195,24.7399,8.497,98.0,1.1
TOI-1468 c,TOI-1468,Transit,GO 3557,Archived,NASA 6.5m James Webb Space Telescope (JWST),NIRISS,SOSS,N/A,5.44,"Dec 1, 2024 16:41:02","Dec 1, 2024 22:03:31",15.532477,0.08608,2.126,0.18966934,4.1,0.01290004,Mass,2.31,0.111,2.13,338.1,89.22,0.276,1.86,3376.0,0.3714,0.3527,-0.01,4.846,16.6538724,19.2249195,24.7399,8.497,98.0,1.1
TOI-1468 c,TOI-1468,Transit,GO 3557,Archived,NASA 6.5m James Webb Space Telescope (JWST),NIRSpec,BOTS,G395H,5.16,"Jul 14, 2024 22:18:31","Jul 15, 2024 03:03:04",15.532477,0.08608,2.126,0.18966934,4.1,0.01290004,Mass,2.31,0.111,2.13,338.1,89.22,0.276,1.86,3376.0,0.3714,0.3527,-0.01,4.846,16.6538724,19.2249195,24.7399,8.497,98.0,1.1
TOI-1685 b,TOI-1685,Transit,GO 4195,Archived,NASA 6.5m James Webb Space Telescope (JWST),NIRSpec,BOTS,G395H,6.17,"Mar 2, 2024 07:05:25","Mar 2, 2024 12:55:13",0.66913923,0.01164,1.421,0.12677335,3.07,0.0096593,Mass,5.3,0.0,213.0,1000.0,86.62,0.09934985,0.904,3470.0,0.462,0.466,0.01,4.68,68.5939529,43.0370395,37.6153,8.758,9.9,9.4
WASP-121 b,WASP-121,Eclipse,GO 2961,Archived,NASA 6.5m James Webb Space Telescope (JWST),MIRI,LRS,N/A,9.04,"Apr 10, 2024 16:21:13","Apr 11, 2024 00:39:15",1.27492504,0.02571,19.52604438,1.742,371.85923619,1.17,Mass,0.275,0.0085,6216.41,2409.0,88.49,1.5018,2.9053,6628.0,1.461,1.33,0.17,4.251,107.6002312,-39.0972705,269.898,9.374,309.0,271.0
GJ 9827 d,GJ 9827,Transit,GO 4098,Archived,NASA 6.5m James Webb Space Telescope (JWST),NIRSpec,BOTS,G395H,5.09,"Nov 28, 2024 18:22:11","Nov 28, 2024 23:25:25",6.20183,0.053,1.98,0.17664407,3.02,0.00950198,Mass,2.51,0.0,34.9,675.0,87.41,0.0957,1.2264,4236.0,0.58,0.62,-0.29,4.7,351.7717763,-1.2853435,29.661,7.193,164.0,7.2
GJ 9827 d,GJ 9827,Transit,GO 4098,Skipped,NASA 6.5m James Webb Space Telescope (JWST),NIRSpec,BOTS,G395H,5.09,N/A,N/A,6.20183,0.053,1.98,0.17664407,3.02,0.00950198,Mass,2.51,0.0,34.9,675.0,87.41,0.0957,1.2264,4236.0,0.58,0.62,-0.29,4.7,351.7717763,-1.2853435,29.661,7.193,164.0,7.2
HAT-P-1 b,HAT-P-1,Transit,GO 2950,Archived,NASA 6.5m James Webb Space Telescope (JWST),MIRI,LRS,N/A,10.01,"Oct 27, 2024 03:59:32","Oct 27, 2024 12:32:25",4.46529976,0.05561,14.784671,1.319,166.86075,0.525,Mass,0.282,0.0,259.687,1322.0,85.634,1.444,2.85,5980.0,1.174,1.151,0.13,4.359,344.4453632,38.674919,158.979,8.858,315.0,134.0
HAT-P-11 b,HAT-P-11,Transit,GO 4105,Archived,NASA 6.5m James Webb Space Telescope (JWST),NIRSpec,BOTS,G395H,7.1,"Jul 13, 2024 17:54:46","Jul 14, 2024 00:42:32",4.888,0.05258,4.36,0.38897315,25.0,0.0787,Mass,1.172,0.251,100.77,838.0,89.027,0.43421,2.35562,4653.0,0.683,0.811,0.31,4.663,297.7101763,48.0818635,37.7647,7.009,206.0,42.4
HAT-P-11 b,HAT-P-11,Transit,GO 4105,Archived,NASA 6.5m James Webb Space Telescope (JWST),NIRSpec,BOTS,G395H,7.1,"Jul 18, 2024 15:13:04","Jul 18, 2024 22:00:50",4.888,0.05258,4.36,0.38897315,25.0,0.0787,Mass,1.172,0.251,100.77,838.0,89.027,0.43421,2.35562,4653.0,0.683,0.811,0.31,4.663,297.7101763,48.0818635,37.7647,7.009,206.0,42.4
HAT-P-11 b,HAT-P-11,Transit,GO 2950,Archived,NASA 6.5m James Webb Space Telescope (JWST),MIRI,LRS,N/A,8.88,"Oct 29, 2024 06:12:38","Oct 29, 2024 14:27:42",4.888,0.05258,4.36,0.38897315,25.0,0.0787,Mass,1.172,0.251,100.77,838.0,89.027,0.43421,2.35562,4653.0,0.683,0.811,0.31,4.663,297.7101763,48.0818635,37.7647,7.009,206.0,42.4
GJ 9827 d,GJ 9827,Transit,GO 4098,Archived,NASA 6.5m James Webb Space Telescope (JWST),NIRISS,SOSS,N/A,5.07,"Nov 16, 2023 10:52:19","Nov 16, 2023 15:46:02",6.20183,0.053,1.98,0.17664407,3.02,0.00950198,Mass,2.51,0.0,34.9,675.0,87.41,0.0957,1.2264,4236.0,0.58,0.62,-0.29,4.7,351.7717763,-1.2853435,29.661,7.193,164.0,7.2
GJ 9827 d,GJ 9827,Transit,GO 4098,Archived,NASA 6.5m James Webb Space Telescope (JWST),NIRISS,SOSS,N/A,5.07,"Nov 10, 2023 07:33:42","Nov 10, 2023 11:55:03",6.20183,0.053,1.98,0.17664407,3.02,0.00950198,Mass,2.51,0.0,34.9,675.0,87.41,0.0957,1.2264,4236.0,0.58,0.62,-0.29,4.7,351.7717763,-1.2853435,29.661,7.193,164.0,7.2
GJ 9827 d,GJ 9827,Transit,GO 4098,Archived,NASA 6.5m James Webb Space Telescope (JWST),NIRSpec,BOTS,G395H,5.09,"Jun 8, 2024 02:55:31","Jun 8, 2024 07:51:57",6.20183,0.053,1.98,0.17664407,3.02,0.00950198,Mass,2.51,0.0,34.9,675.0,87.41,0.0957,1.2264,4236.0,0.58,0.62,-0.29,4.7,351.7717763,-1.2853435,29.661,7.193,164.0,7.2
GJ 486 b,GJ 486,Transit,GO 5866,Archived,NASA 6.5m James Webb Space Telescope (JWST),NIRISS,SOSS,N/A,5.22,"May 28, 2025 02:02:18","May 28, 2025 07:13:06",1.46712127,0.01714,1.289,0.11499708,2.77,0.00871539,Mass,6.66,0.00086,39.2,696.3,89.39,0.13871,1.0158,3317.0,0.3243,0.312,-0.15,4.9111,191.981531,9.7494181,8.07426,6.362,35.4,21.2
GJ 486 b,GJ 486,Transit,GO 5866,Archived,NASA 6.5m James Webb Space Telescope (JWST),NIRISS,SOSS,N/A,5.22,"Jun 2, 2025 23:51:27","Jun 3, 2025 04:04:26",1.46712127,0.01714,1.289,0.11499708,2.77,0.00871539,Mass,6.66,0.00086,39.2,696.3,89.39,0.13871,1.0158,3317.0,0.3243,0.312,-0.15,4.9111,191.981531,9.7494181,8.07426,6.362,35.4,21.2
GJ 806 b,GJ 806,Eclipse,GO 4931,Archived,NASA 6.5m James Webb Space Telescope (JWST),MIRI,LRS,N/A,4.99,"Jun 14, 2025 10:10:09","Jun 14, 2025 14:59:26",0.9263237,0.01406,1.331,0.11874407,1.9,0.00597807,Mass,4.4,,130.0,940.0,87.7,0.0952,0.93,3600.0,0.4144,0.413,-0.28,4.98,311.2697002,44.5002351,12.0445,6.533,44.2,24.0
GJ 806 b,GJ 806,Eclipse,GO 4931,Archived,NASA 6.5m James Webb Space Telescope (JWST),MIRI,LRS,N/A,4.99,"Jun 6, 2025 01:57:00","Jun 6, 2025 06:55:04",0.9263237,0.01406,1.331,0.11874407,1.9,0.00597807,Mass,4.4,,130.0,940.0,87.7,0.0952,0.93,3600.0,0.4144,0.413,-0.28,4.98,311.2697002,44.5002351,12.0445,6.533,44.2,24.0
GJ 3929 b,GJ 3929,Eclipse,DD 9235,Archived,NASA 6.5m James Webb Space Telescope (JWST),MIRI,F1500W,N/A,3.19,"Feb 10, 2026 13:42:38","Feb 10, 2026 16:34:43",2.616235,0.0252,1.09,0.09724345,1.75,0.00550612,Mass,7.3,0.0,17.3,568.0,88.442,0.11206014,1.19,3384.0,0.32,0.313,-0.02,4.89,239.5775678,35.4081141,15.8095,7.869,14.2,4.1
GJ 3929 b,GJ 3929,Eclipse,DD 9235,Archived,NASA 6.5m James Webb Space Telescope (JWST),MIRI,F1500W,N/A,8.04,"Jan 30, 2026 21:35:12","Jan 31, 2026 05:10:26",2.616235,0.0252,1.09,0.09724345,1.75,0.00550612,Mass,7.3,0.0,17.3,568.0,88.442,0.11206014,1.19,3384.0,0.32,0.313,-0.02,4.89,239.5775678,35.4081141,15.8095,7.869,14.2,4.1
GJ 3929 b,GJ 3929,Eclipse,DD 9235,Archived,NASA 6.5m James Webb Space Telescope (JWST),MIRI,F1500W,N/A,7.7,"Jul 8, 2025 07:34:25","Jul 8, 2025 13:21:59",2.616235,0.0252,1.09,0.09724345,1.75,0.00550612,Mass,7.3,0.0,17.3,568.0,88.442,0.11206014,1.19,3384.0,0.32,0.313,-0.02,4.89,239.5775678,35.4081141,15.8095,7.869,14.2,4.1
GJ 3929 b,GJ 3929,Eclipse,DD 9235,Archived,NASA 6.5m James Webb Space Telescope (JWST),MIRI,F1500W,N/A,8.58,"Jul 31, 2025 18:17:28","Aug 1, 2025 01:49:56",2.616235,0.0252,1.09,0.09724345,1.75,0.00550612,Mass,7.3,0.0,17.3,568.0,88.442,0.11206014,1.19,3384.0,0.32,0.313,-0.02,4.89,239.5775678,35.4081141,15.8095,7.869,14.2,4.1
GJ 3929 b,GJ 3929,Eclipse,DD 9235,Archived,NASA 6.5m James Webb Space Telescope (JWST),MIRI,F1500W,N/A,6.35,"Feb 10, 2026 07:48:43","Feb 10, 2026 13:42:34",2.616235,0.0252,1.09,0.09724345,1.75,0.00550612,Mass,7.3,0.0,17.3,568.0,88.442,0.11206014,1.19,3384.0,0.32,0.313,-0.02,4.89,239.5775678,35.4081141,15.8095,7.869,14.2,4.1
HATS-72 b,HATS-72,Transit,GO 5924,Archived,NASA 6.5m James Webb Space Telescope (JWST),NIRSpec,BOTS,PRISM,8.02,"Jun 16, 2025 05:57:36","Jun 16, 2025 13:32:51",7.3279474,0.066517,8.0973816,0.7224,39.855882,0.1254,Mass,0.411,0.013,49.58,739.3,89.56,1.371,3.08472,4656.1,0.7214,0.7311,0.099,4.5853,339.0258401,-17.0003046,127.589,9.764,179.0,27.0
HAT-P-30 b,HAT-P-30,Transit,GO 5924,Archived,NASA 6.5m James Webb Space Telescope (JWST),NIRISS,SOSS,N/A,7.47,"Mar 30, 2025 23:48:53","Mar 31, 2025 06:57:48",2.8106,0.0419,16.14096,1.44,263.7989,0.83,Mass,0.309,0.04,1467.9573,1630.0,83.6,1.3,2.2499254,6304.0,1.31,1.55,0.13,4.36,123.9498431,5.8368669,213.985,9.151,225.0,150.0
WASP-12 b,WASP-12,Transit,GO 5924,Archived,NASA 6.5m James Webb Space Telescope (JWST),NIRSpec,BOTS,PRISM,8.77,"Mar 10, 2026 03:50:45","Mar 10, 2026 12:05:01",1.091418901,0.0234,22.02564708,1.965,467.2101,1.47,Mass,0.266,0.0447,8220.584,2601.0,81.8,1.53777921,3.001,6265.0,1.69,1.325,0.12,4.11,97.636645,29.6722662,427.246,10.188,192.0,211.0
HAT-P-18 b,HAT-P-18,Transit,GO 5844,Archived,NASA 6.5m James Webb Space Telescope (JWST),MIRI,LRS,N/A,9.12,"Jul 5, 2025 04:47:57","Jul 5, 2025 13:19:37",5.5080291,0.0559,10.70457657,0.955,55.5246227,0.1747,Mass,0.249,0.03,82.2407,841.0,88.66,2.15847573,2.7144,4870.0,0.717,0.77,0.1,4.613,256.346376,33.0123251,161.4,10.234,285.0,50.1
HAT-P-18 b,HAT-P-18,Transit,GO 5844,Archived,NASA 6.5m James Webb Space Telescope (JWST),NIRSpec,BOTS,G395M,7.28,"Apr 30, 2025 04:02:29","Apr 30, 2025 10:59:14",5.5080291,0.0559,10.70457657,0.955,55.5246227,0.1747,Mass,0.249,0.03,82.2407,841.0,88.66,2.15847573,2.7144,4870.0,0.717,0.77,0.1,4.613,256.346376,33.0123251,161.4,10.234,285.0,50.1
V1298 Tau d,V1298 Tau,Transit,GO 5959,Archived,NASA 6.5m James Webb Space Telescope (JWST),NIRISS,SOSS,N/A,13.9,"Oct 5, 2025 07:36:36","Oct 5, 2025 20:15:56",12.401394,0.1081,6.53,0.58256858,6.0,0.01887811,Mass,0.12,0.0087,85.0,831.0,89.04,,5.57,4970.0,1.32,1.1,0.1,4.227,61.331654,20.1570318,108.199,8.094,466.0,14.0
V1298 Tau d,V1298 Tau,Transit,GO 5959,Archived,NASA 6.5m James Webb Space Telescope (JWST),NIRISS,SOSS,N/A,14.9,"Sep 10, 2025 14:40:27","Sep 11, 2025 03:20:28",12.401394,0.1081,6.53,0.58256858,6.0,0.01887811,Mass,0.12,0.0087,85.0,831.0,89.04,,5.57,4970.0,1.32,1.1,0.1,4.227,61.331654,20.1570318,108.199,8.094,466.0,14.0
V1298 Tau e,V1298 Tau,Transit,GO 5882,Skipped,NASA 6.5m James Webb Space Telescope (JWST),NIRSpec,BOTS,G395H,18.71,N/A,N/A,48.677714,0.2689,10.17,0.90730819,15.3,0.04813918,Mass,0.08,0.0124,10.0,527.0,89.4,,7.56,4970.0,1.32,1.1,0.1,4.227,61.331654,20.1570318,108.199,8.094,438.0,9.2
V1298 Tau e,V1298 Tau,Transit,GO 5882,Archived,NASA 6.5m James Webb Space Telescope (JWST),NIRSpec,BOTS,G395H,18.71,"Sep 23, 2025 07:00:34","Sep 23, 2025 23:08:03",48.677714,0.2689,10.17,0.90730819,15.3,0.04813918,Mass,0.08,0.0124,10.0,527.0,89.4,,7.56,4970.0,1.32,1.1,0.1,4.227,61.331654,20.1570318,108.199,8.094,438.0,9.2
WASP-103 b,WASP-103,PhaseC,GO 5022,Archived,NASA 6.5m James Webb Space Telescope (JWST),NIRSpec,BOTS,PRISM,35.46,"Jul 6, 2025 03:17:29","Jul 7, 2025 10:32:24",0.925542,0.01985,17.127,1.528,473.547,1.49,Mass,0.55,0.0,6568.6932,2508.0,86.3,1.195,2.593,6110.0,1.436,1.22,0.06,4.22,249.3148604,7.1833758,375.647,10.767,89.4,132.0
V1298 Tau c,V1298 Tau,Transit,GO 5959,Archived,NASA 6.5m James Webb Space Telescope (JWST),NIRSpec,BOTS,G395H,12.14,"Feb 9, 2026 17:41:53","Feb 10, 2026 04:50:13",8.249164,0.0824,5.08,0.45320802,4.7,0.01478785,Mass,0.2,0.0094,146.0,953.0,88.49,,4.89,4970.0,1.32,1.1,0.1,4.227,61.331654,20.1570318,108.199,8.094,321.0,11.6
V1298 Tau c,V1298 Tau,Transit,GO 5959,Archived,NASA 6.5m James Webb Space Telescope (JWST),NIRISS,SOSS,N/A,12.28,"Sep 6, 2025 00:30:18","Sep 6, 2025 11:46:19",8.249164,0.0824,5.08,0.45320802,4.7,0.01478785,Mass,0.2,0.0094,146.0,953.0,88.49,,4.89,4970.0,1.32,1.1,0.1,4.227,61.331654,20.1570318,108.199,8.094,321.0,11.6
V1298 Tau d,V1298 Tau,Transit,GO 5959,Archived,NASA 6.5m James Webb Space Telescope (JWST),NIRSpec,BOTS,G395H,13.77,"Feb 24, 2025 01:47:03","Feb 24, 2025 14:19:17",12.401394,0.1081,6.53,0.58256858,6.0,0.01887811,Mass,0.12,0.0087,85.0,831.0,89.04,,5.57,4970.0,1.32,1.1,0.1,4.227,61.331654,20.1570318,108.199,8.094,466.0,14.0
V1298 Tau d,V1298 Tau,Transit,GO 5959,Withdrawn,NASA 6.5m James Webb Space Telescope (JWST),NIRSpec,BOTS,G395H,13.76,N/A,N/A,12.401394,0.1081,6.53,0.58256858,6.0,0.01887811,Mass,0.12,0.0087,85.0,831.0,89.04,,5.57,4970.0,1.32,1.1,0.1,4.227,61.331654,20.1570318,108.199,8.094,466.0,14.0
TRAPPIST-1 b,TRAPPIST-1,Transit,GO 6456,Archived,NASA 6.5m James Webb Space Telescope (JWST),NIRSpec,BOTS,PRISM,5.35,"Jun 17, 2025 16:41:32","Jun 17, 2025 21:58:30",1.510826,0.01154,1.116,0.09956302,1.374,0.00432309,Mass,5.441939,0.00622,4.153,397.6,89.728,0.7378,0.601,2566.0,0.1192,0.0898,0.052,5.2396,346.6263919,-5.0434618,12.42988881,10.296,28.8,3.9
TRAPPIST-1 e,TRAPPIST-1,Transit,GO 6456,Archived,NASA 6.5m James Webb Space Telescope (JWST),NIRSpec,BOTS,PRISM,5.35,"Jun 17, 2025 16:41:32","Jun 17, 2025 21:58:30",6.101013,0.02925,0.92,0.08207704,0.692,0.00217728,Mass,4.901605,0.0051,0.646,249.7,89.793,0.5012,0.9293,2566.0,0.1192,0.0898,0.052,5.2396,346.6263919,-5.0434618,12.42988881,10.296,20.1,0.2
TRAPPIST-1 b,TRAPPIST-1,Transit,GO 6456,Archived,NASA 6.5m James Webb Space Telescope (JWST),NIRSpec,BOTS,PRISM,8.47,"Jun 5, 2025 11:56:05","Jun 5, 2025 19:54:24",1.510826,0.01154,1.116,0.09956302,1.374,0.00432309,Mass,5.441939,0.00622,4.153,397.6,89.728,0.7378,0.601,2566.0,0.1192,0.0898,0.052,5.2396,346.6263919,-5.0434618,12.42988881,10.296,28.8,3.9
TRAPPIST-1 e,TRAPPIST-1,Transit,GO 6456,Archived,NASA 6.5m James Webb Space Telescope (JWST),NIRSpec,BOTS,PRISM,8.47,"Jun 5, 2025 11:56:05","Jun 5, 2025 19:54:24",6.101013,0.02925,0.92,0.08207704,0.692,0.00217728,Mass,4.901605,0.0051,0.646,249.7,89.793,0.5012,0.9293,2566.0,0.1192,0.0898,0.052,5.2396,346.6263919,-5.0434618,12.42988881,10.296,20.1,0.2
TRAPPIST-1 b,TRAPPIST-1,Transit,GO 6456,Archived,NASA 6.5m James Webb Space Telescope (JWST),NIRSpec,BOTS,PRISM,6.89,"Jun 11, 2025 14:19:04","Jun 11, 2025 20:55:53",1.510826,0.01154,1.116,0.09956302,1.374,0.00432309,Mass,5.441939,0.00622,4.153,397.6,89.728,0.7378,0.601,2566.0,0.1192,0.0898,0.052,5.2396,346.6263919,-5.0434618,12.42988881,10.296,28.8,3.9
TRAPPIST-1 e,TRAPPIST-1,Transit,GO 6456,Archived,NASA 6.5m James Webb Space Telescope (JWST),NIRSpec,BOTS,PRISM,6.89,"Jun 11, 2025 14:19:04","Jun 11, 2025 20:55:53",6.101013,0.02925,0.92,0.08207704,0.692,0.00217728,Mass,4.901605,0.0051,0.646,249.7,89.793,0.5012,0.9293,2566.0,0.1192,0.0898,0.052,5.2396,346.6263919,-5.0434618,12.42988881,10.296,20.1,0.2
TRAPPIST-1 b,TRAPPIST-1,Eclipse,GO 5191,Archived,NASA 6.5m James Webb Space Telescope (JWST),MIRI,F1280W,N/A,6.89,"Dec 5, 2024 15:25:26","Dec 5, 2024 20:31:59",1.510826,0.01154,1.116,0.09956302,1.374,0.00432309,Mass,5.441939,0.00622,4.153,397.6,89.728,0.7378,0.601,2566.0,0.1192,0.0898,0.052,5.2396,346.6263919,-5.0434618,12.42988881,10.296,28.8,3.9
TRAPPIST-1 c,TRAPPIST-1,Eclipse,GO 5191,Archived,NASA 6.5m James Webb Space Telescope (JWST),MIRI,F1280W,N/A,6.89,"Dec 5, 2024 15:25:26","Dec 5, 2024 20:31:59",2.421937,0.0158,1.097,0.09786795,1.308,0.00411543,Mass,5.463993,0.00654,2.214,339.7,89.778,0.7123,0.7005,2566.0,0.1192,0.0898,0.052,5.2396,346.6263919,-5.0434618,12.42988881,10.296,24.6,1.8
TRAPPIST-1 b,TRAPPIST-1,Eclipse,GO 5191,Archived,NASA 6.5m James Webb Space Telescope (JWST),MIRI,F1280W,N/A,4.67,"Oct 30, 2024 08:46:02","Oct 30, 2024 12:35:46",1.510826,0.01154,1.116,0.09956302,1.374,0.00432309,Mass,5.441939,0.00622,4.153,397.6,89.728,0.7378,0.601,2566.0,0.1192,0.0898,0.052,5.2396,346.6263919,-5.0434618,12.42988881,10.296,28.8,3.9
TRAPPIST-1 c,TRAPPIST-1,Eclipse,GO 5191,Archived,NASA 6.5m James Webb Space Telescope (JWST),MIRI,F1280W,N/A,4.67,"Oct 30, 2024 08:46:02","Oct 30, 2024 12:35:46",2.421937,0.0158,1.097,0.09786795,1.308,0.00411543,Mass,5.463993,0.00654,2.214,339.7,89.778,0.7123,0.7005,2566.0,0.1192,0.0898,0.052,5.2396,346.6263919,-5.0434618,12.42988881,10.296,24.6,1.8
TRAPPIST-1 b,TRAPPIST-1,Transit,GO 6456,Archived,NASA 6.5m James Webb Space Telescope (JWST),NIRSpec,BOTS,PRISM,9.2,"Jul 11, 2024 03:29:24","Jul 11, 2024 11:16:21",1.510826,0.01154,1.116,0.09956302,1.374,0.00432309,Mass,5.441939,0.00622,4.153,397.6,89.728,0.7378,0.601,2566.0,0.1192,0.0898,0.052,5.2396,346.6263919,-5.0434618,12.42988881,10.296,28.8,3.9
TRAPPIST-1 e,TRAPPIST-1,Transit,GO 6456,Archived,NASA 6.5m James Webb Space Telescope (JWST),NIRSpec,BOTS,PRISM,9.2,"Jul 11, 2024 03:29:24","Jul 11, 2024 11:16:21",6.101013,0.02925,0.92,0.08207704,0.692,0.00217728,Mass,4.901605,0.0051,0.646,249.7,89.793,0.5012,0.9293,2566.0,0.1192,0.0898,0.052,5.2396,346.6263919,-5.0434618,12.42988881,10.296,20.1,0.2
TRAPPIST-1 b,TRAPPIST-1,Transit,GO 6456,Archived,NASA 6.5m James Webb Space Telescope (JWST),NIRSpec,BOTS,PRISM,11.37,"Dec 10, 2024 15:07:35","Dec 11, 2024 01:26:22",1.510826,0.01154,1.116,0.09956302,1.374,0.00432309,Mass,5.441939,0.00622,4.153,397.6,89.728,0.7378,0.601,2566.0,0.1192,0.0898,0.052,5.2396,346.6263919,-5.0434618,12.42988881,10.296,28.8,3.9
TRAPPIST-1 e,TRAPPIST-1,Transit,GO 6456,Archived,NASA 6.5m James Webb Space Telescope (JWST),NIRSpec,BOTS,PRISM,11.37,"Dec 10, 2024 15:07:35","Dec 11, 2024 01:26:22",6.101013,0.02925,0.92,0.08207704,0.692,0.00217728,Mass,4.901605,0.0051,0.646,249.7,89.793,0.5012,0.9293,2566.0,0.1192,0.0898,0.052,5.2396,346.6263919,-5.0434618,12.42988881,10.296,20.1,0.2
TRAPPIST-1 b,TRAPPIST-1,Transit,GO 6456,Archived,NASA 6.5m James Webb Space Telescope (JWST),NIRSpec,BOTS,PRISM,10.79,"Jul 5, 2024 01:12:34","Jul 5, 2024 10:23:43",1.510826,0.01154,1.116,0.09956302,1.374,0.00432309,Mass,5.441939,0.00622,4.153,397.6,89.728,0.7378,0.601,2566.0,0.1192,0.0898,0.052,5.2396,346.6263919,-5.0434618,12.42988881,10.296,28.8,3.9
TRAPPIST-1 e,TRAPPIST-1,Transit,GO 6456,Archived,NASA 6.5m James Webb Space Telescope (JWST),NIRSpec,BOTS,PRISM,10.79,"Jul 5, 2024 01:12:34","Jul 5, 2024 10:23:43",6.101013,0.02925,0.92,0.08207704,0.692,0.00217728,Mass,4.901605,0.0051,0.646,249.7,89.793,0.5012,0.9293,2566.0,0.1192,0.0898,0.052,5.2396,346.6263919,-5.0434618,12.42988881,10.296,20.1,0.2
TOI-1416 b,TOI-1416,Eclipse,GO 4818,Archived,NASA 6.5m James Webb Space Telescope (JWST),MIRI,LRS,N/A,5.89,"Feb 17, 2025 18:29:44","Feb 17, 2025 23:23:31",1.0697568,0.019,1.62,0.14452697,3.48,0.0109493,Mass,4.5,0.0,883.0,1517.0,85.7,0.0455,1.5,4884.0,0.793,0.798,0.08,4.52,216.9234892,41.9529862,55.0135,7.708,82.5,9.6
TOI-1442 b,TOI-1442,Eclipse,GO 4818,Archived,NASA 6.5m James Webb Space Telescope (JWST),MIRI,LRS,N/A,4.91,"Feb 23, 2025 04:33:16","Feb 23, 2025 08:40:34",0.4090677,0.0071,1.17,0.10438059,1.71,0.00537,M-R relationship,5.87,,207.0246,1072.0,,0.12834807,0.5976165,3330.0,0.31,0.29,,4.92,287.2921006,74.1742762,41.1659,10.089,13.0,9.4
LP 791-18 d,LP 791-18,Eclipse,GO 6457,Archived,NASA 6.5m James Webb Space Telescope (JWST),MIRI,F1500W,N/A,4.62,"Jan 28, 2025 01:11:15","Jan 28, 2025 05:46:06",2.75485,0.01992,1.032,0.09206903,0.91,0.00286318,Mass,4.56,0.0011,5.83,395.5,89.34,,0.9152,2960.0,0.182,0.139,-0.09,5.115,165.6904843,-16.4064445,26.4927,10.644,13.4,1.0
LP 791-18 d,LP 791-18,Eclipse,GO 6457,Archived,NASA 6.5m James Webb Space Telescope (JWST),MIRI,F1500W,N/A,4.62,"Jun 17, 2025 11:24:08","Jun 17, 2025 16:03:31",2.75485,0.01992,1.032,0.09206903,0.91,0.00286318,Mass,4.56,0.0011,5.83,395.5,89.34,,0.9152,2960.0,0.182,0.139,-0.09,5.115,165.6904843,-16.4064445,26.4927,10.644,13.4,1.0
TRAPPIST-1 b,TRAPPIST-1,Eclipse,GO 5191,Archived,NASA 6.5m James Webb Space Telescope (JWST),MIRI,F1280W,N/A,5.43,"Nov 11, 2024 10:45:26","Nov 11, 2024 15:14:22",1.510826,0.01154,1.116,0.09956302,1.374,0.00432309,Mass,5.441939,0.00622,4.153,397.6,89.728,0.7378,0.601,2566.0,0.1192,0.0898,0.052,5.2396,346.6263919,-5.0434618,12.42988881,10.296,28.8,3.9
TRAPPIST-1 c,TRAPPIST-1,Eclipse,GO 5191,Archived,NASA 6.5m James Webb Space Telescope (JWST),MIRI,F1280W,N/A,5.43,"Nov 11, 2024 10:45:26","Nov 11, 2024 15:14:22",2.421937,0.0158,1.097,0.09786795,1.308,0.00411543,Mass,5.463993,0.00654,2.214,339.7,89.778,0.7123,0.7005,2566.0,0.1192,0.0898,0.052,5.2396,346.6263919,-5.0434618,12.42988881,10.296,24.6,1.8
TRAPPIST-1 b,TRAPPIST-1,Eclipse,GO 5191,Archived,NASA 6.5m James Webb Space Telescope (JWST),MIRI,F1280W,N/A,6.31,"Nov 23, 2024 12:39:00","Nov 23, 2024 17:53:24",1.510826,0.01154,1.116,0.09956302,1.374,0.00432309,Mass,5.441939,0.00622,4.153,397.6,89.728,0.7378,0.601,2566.0,0.1192,0.0898,0.052,5.2396,346.6263919,-5.0434618,12.42988881,10.296,28.8,3.9
TRAPPIST-1 c,TRAPPIST-1,Eclipse,GO 5191,Archived,NASA 6.5m James Webb Space Telescope (JWST),MIRI,F1280W,N/A,6.31,"Nov 23, 2024 12:39:00","Nov 23, 2024 17:53:24",2.421937,0.0158,1.097,0.09786795,1.308,0.00411543,Mass,5.463993,0.00654,2.214,339.7,89.778,0.7123,0.7005,2566.0,0.1192,0.0898,0.052,5.2396,346.6263919,-5.0434618,12.42988881,10.296,24.6,1.8
TOI-849 b,TOI-849,Eclipse,GO 5967,Archived,NASA 6.5m James Webb Space Telescope (JWST),NIRSpec,BOTS,G395M,7.11,"Sep 5, 2025 17:10:57","Sep 5, 2025 23:55:46",0.765548,0.0155,3.64,0.32473961,41.8,0.13151751,Mass,5.6,0.0,2314.06,1932.0,86.8,0.141,1.57,5257.0,0.97,0.97,0.19,4.48,28.7157956,-29.4217086,225.734,10.418,4.5,12.6
TOI-849 b,TOI-849,Eclipse,GO 5967,Archived,NASA 6.5m James Webb Space Telescope (JWST),NIRSpec,BOTS,G395M,7.11,"Aug 13, 2025 18:55:18","Aug 14, 2025 00:55:14",0.765548,0.0155,3.64,0.32473961,41.8,0.13151751,Mass,5.6,0.0,2314.06,1932.0,86.8,0.141,1.57,5257.0,0.97,0.97,0.19,4.48,28.7157956,-29.4217086,225.734,10.418,4.5,12.6
TOI-849 b,TOI-849,Eclipse,GO 5967,Archived,NASA 6.5m James Webb Space Telescope (JWST),NIRSpec,BOTS,G395M,7.11,"Sep 9, 2025 13:06:27","Sep 9, 2025 19:47:39",0.765548,0.0155,3.64,0.32473961,41.8,0.13151751,Mass,5.6,0.0,2314.06,1932.0,86.8,0.141,1.57,5257.0,0.97,0.97,0.19,4.48,28.7157956,-29.4217086,225.734,10.418,4.5,12.6
TOI-849 b,TOI-849,Eclipse,GO 5967,Skipped,NASA 6.5m James Webb Space Telescope (JWST),NIRSpec,BOTS,G395M,7.11,N/A,N/A,0.765548,0.0155,3.64,0.32473961,41.8,0.13151751,Mass,5.6,0.0,2314.06,1932.0,86.8,0.141,1.57,5257.0,0.97,0.97,0.19,4.48,28.7157956,-29.4217086,225.734,10.418,4.5,12.6
Kepler-167 e,Kepler-167,Transit,GO 6491,Archived,NASA 6.5m James Webb Space Telescope (JWST),NIRSpec,BOTS,PRISM,70.62,"Oct 24, 2024 14:24:14","Oct 27, 2024 03:59:28",1071.23205,1.883,10.16,0.90641605,321.00669107,1.01,Mass,1.68,0.29,0.1,134.4,89.972,1.54,16.1784,4884.0,0.749,0.777,0.02,4.579,292.6585253,38.3455558,341.908,11.832,2.9,0.0
Kepler-167 e,Kepler-167,Transit,GO 5531,Withdrawn,NASA 6.5m James Webb Space Telescope (JWST),NIRISS,SOSS,N/A,39.26,N/A,N/A,1071.23205,1.883,10.16,0.90641605,321.00669107,1.01,Mass,1.68,0.29,0.1,134.4,89.972,1.54,16.1784,4884.0,0.749,0.777,0.02,4.579,292.6585253,38.3455558,341.908,11.832,2.9,0.0
KELT-8 b,KELT-8,Eclipse,GO 5687,Archived,NASA 6.5m James Webb Space Telescope (JWST),MIRI,LRS,N/A,9.44,"Jul 28, 2025 07:38:00","Jul 28, 2025 16:04:58",3.24406,0.0455,18.15858,1.62,209.7678,0.66,Mass,0.167,0.04,983.3098,1675.0,82.65,1.3,3.6774272,5754.0,1.46,0.81,0.27,4.08,283.3054489,24.1272483,197.572,9.177,312.0,176.0
KELT-7 b,KELT-7,Transit,GO 5924,Archived,NASA 6.5m James Webb Space Telescope (JWST),NIRISS,SOSS,N/A,9.84,"Feb 15, 2025 21:56:11","Feb 16, 2025 06:56:44",2.73477,0.04415,17.9344,1.6,441.7837,1.39,Mass,0.442,0.0,1775.39,2048.0,83.76,0.83,3.5112,6768.0,1.81,1.76,0.0,4.5,78.2955912,33.3179532,136.681,7.543,266.0,268.0
KELT-8 b,KELT-8,Eclipse,GO 5687,Archived,NASA 6.5m James Webb Space Telescope (JWST),MIRI,LRS,N/A,15.54,"Aug 3, 2025 13:43:18","Aug 4, 2025 03:47:57",3.24406,0.0455,18.15858,1.62,209.7678,0.66,Mass,0.167,0.04,983.3098,1675.0,82.65,1.3,3.6774272,5754.0,1.46,0.81,0.27,4.08,283.3054489,24.1272483,197.572,9.177,312.0,176.0
TOI-700 d,TOI-700,Transit,GO 6193,Archived,NASA 6.5m James Webb Space Telescope (JWST),NIRISS,SOSS,N/A,11.65,"Mar 28, 2025 06:35:47","Mar 28, 2025 16:56:36",37.423457,0.1642,1.145,0.10215023,1.58,0.00497,M-R relationship,5.78,0.042,0.85,268.8,89.83,0.0613,3.3029,3459.0,0.4104,0.417,-0.07,4.809,97.0957165,-65.5786149,31.1265,8.634,3.7,0.1
TOI-700 e,TOI-700,Transit,GO 6193,Archived,NASA 6.5m James Webb Space Telescope (JWST),NIRISS,SOSS,N/A,10.81,"Apr 6, 2025 17:09:31","Apr 7, 2025 02:38:46",27.810124,0.1336,0.919,0.08198783,0.718,0.00226,M-R relationship,5.08,0.059,1.27,272.9,89.89,0.04068233,3.0593,3459.0,0.4104,0.417,-0.07,4.809,97.0957165,-65.5786149,31.1265,8.634,4.2,0.0
TOI-561 b,TOI-561,Eclipse,GO 4818,Archived,NASA 6.5m James Webb Space Telescope (JWST),MIRI,LRS,N/A,5.65,"Apr 14, 2025 08:43:13","Apr 14, 2025 14:15:53",0.4465697,0.01064,1.397,0.12463221,2.02,0.00635563,Mass,4.1,0.0,4709.0,2319.0,87.0,0.0294,1.308,5342.0,0.843,0.806,-0.41,4.47,148.1851516,6.216103,85.799,8.394,14.0,8.0
TOI-451 d,TOI-451,Transit,GO 5959,Archived,NASA 6.5m James Webb Space Telescope (JWST),NIRISS,SOSS,N/A,9.92,"Dec 30, 2024 06:14:42","Dec 30, 2024 15:28:30",16.364962,0.1168,3.93,0.35061172,10.2,0.03209279,Mass,0.92,0.0,43.2,714.0,89.26,0.1803,4.094,5490.0,0.85,0.93,0.02,4.53,62.966385,-37.93973,123.739,9.19,19.5,4.5
TOI-451 d,TOI-451,Transit,GO 5959,Archived,NASA 6.5m James Webb Space Telescope (JWST),NIRSpec,BOTS,G395H,9.77,"Nov 27, 2024 12:47:58","Nov 27, 2024 21:53:37",16.364962,0.1168,3.93,0.35061172,10.2,0.03209279,Mass,0.92,0.0,43.2,714.0,89.26,0.1803,4.094,5490.0,0.85,0.93,0.02,4.53,62.966385,-37.93973,123.739,9.19,19.5,4.5
TOI-500 b,TOI-500,Eclipse,GO 4818,Archived,NASA 6.5m James Webb Space Telescope (JWST),MIRI,LRS,N/A,5.3,"Feb 18, 2025 07:01:08","Feb 18, 2025 12:14:54",0.548177,0.01189,1.166,0.10402373,1.42,0.00446782,Mass,4.89,0.063,1138.0,1617.0,82.09,0.02487,0.998,4440.0,0.678,0.74,0.12,4.618,106.559098,-47.5878156,47.3924,7.715,15.6,8.5
TOI-431 b,TOI-431,Eclipse,GO 4818,Archived,NASA 6.5m James Webb Space Telescope (JWST),MIRI,LRS,N/A,5.4,"Feb 1, 2025 08:53:48","Feb 1, 2025 14:00:18",0.490047,0.0113,1.28,0.11419415,3.07,0.0096593,Mass,8.0,0.0,2120.4475,1862.0,84.3,0.029104,1.0123328,4850.0,0.731,0.78,0.2,4.6,83.2692502,-26.7238698,32.5686,6.723,15.6,15.6
TOI-4336 A b,TOI-4336 A,Transit,GO 4711,Archived,NASA 6.5m James Webb Space Telescope (JWST),NIRISS,SOSS,N/A,8.59,"Jun 28, 2025 03:57:34","Jun 28, 2025 11:24:50",16.336351,0.0849,2.137,0.1906507,3.33,0.01047735,Mass,1.87,0.0,1.53,309.4,89.492,0.3487,2.08,3307.0,0.326,0.306,0.14,4.897,206.1070129,-40.3373505,22.5455,8.632,138.0,0.8
TOI-4336 A b,TOI-4336 A,Transit,GO 4711,Archived,NASA 6.5m James Webb Space Telescope (JWST),NIRSpec,BOTS,G395H,8.41,"Jul 30, 2025 19:37:13","Jul 31, 2025 03:32:31",16.336351,0.0849,2.137,0.1906507,3.33,0.01047735,Mass,1.87,0.0,1.53,309.4,89.492,0.3487,2.08,3307.0,0.326,0.306,0.14,4.897,206.1070129,-40.3373505,22.5455,8.632,138.0,0.8
TOI-451 c,TOI-451,Transit,GO 5959,Archived,NASA 6.5m James Webb Space Telescope (JWST),NIRISS,SOSS,N/A,9.0,"Jan 25, 2025 00:41:41","Jan 25, 2025 08:54:18",9.192463,0.0795,2.93,0.26139754,3.7,0.0116415,Mass,0.81,0.0,93.0,865.0,89.27,0.1048,3.461,5490.0,0.85,0.93,0.02,4.53,62.966385,-37.93973,123.739,9.19,26.9,4.0
TOI-451 c,TOI-451,Transit,GO 5959,Archived,NASA 6.5m James Webb Space Telescope (JWST),NIRSpec,BOTS,G395H,8.84,"Oct 6, 2024 17:50:37","Oct 7, 2024 01:21:42",9.192463,0.0795,2.93,0.26139754,3.7,0.0116415,Mass,0.81,0.0,93.0,865.0,89.27,0.1048,3.461,5490.0,0.85,0.93,0.02,4.53,62.966385,-37.93973,123.739,9.19,26.9,4.0
TOI-451 c,TOI-451,Transit,GO 5959,Skipped,NASA 6.5m James Webb Space Telescope (JWST),NIRSpec,BOTS,G395H,8.84,N/A,N/A,9.192463,0.0795,2.93,0.26139754,3.7,0.0116415,Mass,0.81,0.0,93.0,865.0,89.27,0.1048,3.461,5490.0,0.85,0.93,0.02,4.53,62.966385,-37.93973,123.739,9.19,26.9,4.0
TOI-4010 b,TOI-4010,Transit,GO 5894,Archived,NASA 6.5m James Webb Space Telescope (JWST),NIRSpec,BOTS,PRISM,6.22,"Nov 14, 2024 21:53:21","Nov 15, 2024 03:55:12",1.348335,0.0229,3.02,0.26942682,11.0,0.03460987,Mass,2.2,0.03,714.0,1441.0,88.1,0.12063536,1.77,4960.0,0.83,0.88,0.37,4.54,20.2148196,66.0722009,177.504,10.157,10.9,8.9
TOI-4010 c,TOI-4010,Transit,GO 5894,Archived,NASA 6.5m James Webb Space Telescope (JWST),NIRSpec,BOTS,PRISM,8.32,"Aug 7, 2025 11:09:03","Aug 7, 2025 18:59:47",5.414654,0.058,5.93,0.52904008,20.31,0.06390241,Mass,0.5,0.03,112.0,907.0,88.8,0.49830756,2.77,4960.0,0.83,0.88,0.37,4.54,20.2148196,66.0722009,177.504,10.157,115.0,13.8
TOI-4010 d,TOI-4010,Transit,GO 5894,Archived,NASA 6.5m James Webb Space Telescope (JWST),NIRSpec,BOTS,PRISM,10.06,"Oct 5, 2024 12:05:17","Oct 5, 2024 21:25:58",14.70886,0.113,6.18,0.55134362,38.15,0.12003332,Mass,0.9,0.07,30.0,650.0,89.0,0.50479326,3.6,4960.0,0.83,0.88,0.37,4.54,20.2148196,66.0722009,177.504,10.157,49.8,6.4
TOI-3884 b,TOI-3884,Transit,GO 5863,Archived,NASA 6.5m James Webb Space Telescope (JWST),NIRISS,SOSS,N/A,6.19,"Dec 16, 2024 03:30:48","Dec 16, 2024 09:31:52",4.5445828,0.0361,6.43,0.57364716,32.59,0.10253961,Mass,0.67,0.06,6.29,441.0,89.81,3.55986327,1.6,3180.0,0.302,0.298,0.04,4.97,181.5718341,12.5070258,43.1448,10.24,270.0,23.7
TOI-3884 b,TOI-3884,Transit,GO 5799,Archived,NASA 6.5m James Webb Space Telescope (JWST),NIRSpec,BOTS,G395H,7.23,"May 24, 2025 04:48:18","May 24, 2025 11:36:23",4.5445828,0.0361,6.43,0.57364716,32.59,0.10253961,Mass,0.67,0.06,6.29,441.0,89.81,3.55986327,1.6,3180.0,0.302,0.298,0.04,4.97,181.5718341,12.5070258,43.1448,10.24,270.0,23.7
TOI-3884 b,TOI-3884,Transit,GO 5799,Archived,NASA 6.5m James Webb Space Telescope (JWST),NIRISS,SOSS,N/A,7.3,"Jun 2, 2025 06:45:50","Jun 2, 2025 13:43:39",4.5445828,0.0361,6.43,0.57364716,32.59,0.10253961,Mass,0.67,0.06,6.29,441.0,89.81,3.55986327,1.6,3180.0,0.302,0.298,0.04,4.97,181.5718341,12.5070258,43.1448,10.24,270.0,23.7
TOI-3884 b,TOI-3884,Transit,GO 5799,Archived,NASA 6.5m James Webb Space Telescope (JWST),NIRISS,SOSS,N/A,7.3,"Jun 15, 2025 22:11:04","Jun 16, 2025 04:58:13",4.5445828,0.0361,6.43,0.57364716,32.59,0.10253961,Mass,0.67,0.06,6.29,441.0,89.81,3.55986327,1.6,3180.0,0.302,0.298,0.04,4.97,181.5718341,12.5070258,43.1448,10.24,270.0,23.7
TOI-3884 b,TOI-3884,Transit,GO 5863,Archived,NASA 6.5m James Webb Space Telescope (JWST),NIRSpec,BOTS,G395M,5.75,"Dec 20, 2024 16:45:51","Dec 20, 2024 22:22:05",4.5445828,0.0361,6.43,0.57364716,32.59,0.10253961,Mass,0.67,0.06,6.29,441.0,89.81,3.55986327,1.6,3180.0,0.302,0.298,0.04,4.97,181.5718341,12.5070258,43.1448,10.24,270.0,23.7
TOI-3884 b,TOI-3884,Transit,GO 5863,Archived,NASA 6.5m James Webb Space Telescope (JWST),NIRISS,SOSS,N/A,6.19,"Dec 25, 2024 06:48:03","Dec 25, 2024 12:26:52",4.5445828,0.0361,6.43,0.57364716,32.59,0.10253961,Mass,0.67,0.06,6.29,441.0,89.81,3.55986327,1.6,3180.0,0.302,0.298,0.04,4.97,181.5718341,12.5070258,43.1448,10.24,270.0,23.7
TOI-3884 b,TOI-3884,Transit,GO 5863,Archived,NASA 6.5m James Webb Space Telescope (JWST),NIRSpec,BOTS,G395M,5.75,"Dec 29, 2024 20:13:23","Dec 30, 2024 01:18:28",4.5445828,0.0361,6.43,0.57364716,32.59,0.10253961,Mass,0.67,0.06,6.29,441.0,89.81,3.55986327,1.6,3180.0,0.302,0.298,0.04,4.97,181.5718341,12.5070258,43.1448,10.24,270.0,23.7
LP 791-18 d,LP 791-18,Eclipse,GO 6457,Archived,NASA 6.5m James Webb Space Telescope (JWST),MIRI,F1500W,N/A,4.62,"May 20, 2025 22:31:07","May 21, 2025 03:10:53",2.75485,0.01992,1.032,0.09206903,0.91,0.00286318,Mass,4.56,0.0011,5.83,395.5,89.34,,0.9152,2960.0,0.182,0.139,-0.09,5.115,165.6904843,-16.4064445,26.4927,10.644,13.4,1.0
LP 791-18 d,LP 791-18,Eclipse,GO 6457,Archived,NASA 6.5m James Webb Space Telescope (JWST),MIRI,F1500W,N/A,4.62,"Jun 11, 2025 23:15:08","Jun 12, 2025 03:53:00",2.75485,0.01992,1.032,0.09206903,0.91,0.00286318,Mass,4.56,0.0011,5.83,395.5,89.34,,0.9152,2960.0,0.182,0.139,-0.09,5.115,165.6904843,-16.4064445,26.4927,10.644,13.4,1.0
LP 791-18 d,LP 791-18,Eclipse,GO 6457,Archived,NASA 6.5m James Webb Space Telescope (JWST),MIRI,F1500W,N/A,4.62,"May 31, 2025 23:05:44","Jun 1, 2025 03:32:20",2.75485,0.01992,1.032,0.09206903,0.91,0.00286318,Mass,4.56,0.0011,5.83,395.5,89.34,,0.9152,2960.0,0.182,0.139,-0.09,5.115,165.6904843,-16.4064445,26.4927,10.644,13.4,1.0
TOI-199 b,TOI-199,Transit,GO 5177,Archived,NASA 6.5m James Webb Space Telescope (JWST),NIRSpec,BOTS,G395M,24.98,"Dec 23, 2024 05:22:13","Dec 24, 2024 03:09:02",104.854,0.4254,9.07927437,0.81,54.03082919,0.17,Mass,0.397,0.09,8.5419,325.0,90.0,1.18501557,6.6885919,5255.0,0.82,0.936,0.22,4.582,80.1058735,-59.8954326,102.27,8.814,105.0,1.6
TOI-2076 b,TOI-2076,Transit,GO 5959,Archived,NASA 6.5m James Webb Space Telescope (JWST),NIRISS,SOSS,N/A,8.89,"Apr 17, 2025 23:17:04","Apr 18, 2025 07:37:46",10.35504,0.08781,2.59,0.23106472,6.7,0.02108056,Mass,2.08,0.0114,49.4,736.0,89.75,0.1047,3.251,5187.0,0.758,0.849,-0.09,4.608,217.3920159,39.7903991,41.9091,7.115,126.0,7.3
TOI-1807 b,TOI-1807,Eclipse,GO 4818,Archived,NASA 6.5m James Webb Space Telescope (JWST),MIRI,LRS,N/A,5.32,"Feb 22, 2025 08:54:18","Feb 22, 2025 13:51:30",0.54937097,0.0122,1.49681583,0.13353719,2.44,0.0076771,Mass,3.98,0.0,1407.22,1694.1,77.7,0.037,0.9772115,4914.0,0.746,0.8048,0.044,4.598,201.2826259,38.9223671,42.5775,7.568,19.0,11.8
TOI-2525 c,TOI-2525,Transit,GO 4938,Archived,NASA 6.5m James Webb Space Telescope (JWST),NIRSpec,BOTS,PRISM,13.77,"Aug 8, 2025 06:07:05","Aug 8, 2025 18:39:33",49.2519,0.249,10.13291855,0.904,208.8132634,0.657,Mass,1.11,0.157,6.0478,399.96,89.97,1.56064615,5.502,5096.0,0.785,0.849,0.14,4.58,86.8509737,-60.5213081,395.398,11.905,11.6,1.5
TOI-2525 b,TOI-2525,Transit,GO 4938,Archived,NASA 6.5m James Webb Space Telescope (JWST),NIRSpec,BOTS,PRISM,10.51,"Aug 31, 2025 03:16:28","Aug 31, 2025 13:00:26",23.2856,0.1511,8.67575106,0.774,26.69758619,0.084,Mass,0.225,0.17,16.3643,512.97,89.5,0.64736022,4.05,5096.0,0.785,0.849,0.14,4.58,86.8509737,-60.5213081,395.398,11.905,73.3,2.9
TOI-2076 b,TOI-2076,Transit,GO 5959,Archived,NASA 6.5m James Webb Space Telescope (JWST),NIRSpec,BOTS,G395H,8.85,"Mar 17, 2025 21:48:48","Mar 18, 2025 06:06:51",10.35504,0.08781,2.59,0.23106472,6.7,0.02108056,Mass,2.08,0.0114,49.4,736.0,89.75,0.1047,3.251,5187.0,0.758,0.849,-0.09,4.608,217.3920159,39.7903991,41.9091,7.115,126.0,7.3
TOI-2076 c,TOI-2076,Transit,GO 5959,Archived,NASA 6.5m James Webb Space Telescope (JWST),NIRISS,SOSS,N/A,10.05,"Jun 23, 2025 11:51:23","Jun 23, 2025 20:53:57",21.01447,0.1407,3.54,0.31581819,7.2,0.02265373,Mass,0.87,0.036,32.7,581.0,89.76,0.2072,4.186,5187.0,0.758,0.849,-0.09,4.608,217.3920159,39.7903991,41.9091,7.115,52.4,7.0
TOI-2076 c,TOI-2076,Transit,GO 5959,Archived,NASA 6.5m James Webb Space Telescope (JWST),NIRSpec,BOTS,G395H,10.01,"Jan 27, 2025 09:45:22","Jan 27, 2025 18:50:25",21.01447,0.1407,3.54,0.31581819,7.2,0.02265373,Mass,0.87,0.036,32.7,581.0,89.76,0.2072,4.186,5187.0,0.758,0.849,-0.09,4.608,217.3920159,39.7903991,41.9091,7.115,52.4,7.0
TOI-2076 d,TOI-2076,Transit,GO 5959,Archived,NASA 6.5m James Webb Space Telescope (JWST),NIRSpec,BOTS,G395H,8.85,"Jul 13, 2025 11:24:00","Jul 13, 2025 19:32:43",35.12803,0.1982,3.27,0.29173036,7.3,0.02296837,Mass,1.12,0.027,16.5,490.0,89.164,0.2066,3.046,5187.0,0.758,0.849,-0.09,4.608,217.3920159,39.7903991,41.9091,7.115,34.3,3.3
TOI-2076 d,TOI-2076,Transit,GO 5959,Archived,NASA 6.5m James Webb Space Telescope (JWST),NIRISS,SOSS,N/A,8.89,"Jan 18, 2025 20:04:38","Jan 19, 2025 04:25:28",35.12803,0.1982,3.27,0.29173036,7.3,0.02296837,Mass,1.12,0.027,16.5,490.0,89.164,0.2066,3.046,5187.0,0.758,0.849,-0.09,4.608,217.3920159,39.7903991,41.9091,7.115,34.3,3.3
WASP-94 A b,WASP-94 A,Transit,GO 5924,Archived,NASA 6.5m James Webb Space Telescope (JWST),NIRISS,SOSS,N/A,11.51,"Oct 11, 2024 22:36:23","Oct 12, 2024 09:12:22",3.95019,0.055,17.71022,1.58,158.915,0.5,Mass,0.118,0.0,1009.38,1604.0,88.7,1.2,4.488,6170.0,1.48,1.67,0.26,4.27,313.7832393,-34.1357512,211.211,8.874,434.0,161.0
WASP-76 b,WASP-76,Transit,GO 5924,Archived,NASA 6.5m James Webb Space Telescope (JWST),NIRISS,SOSS,N/A,9.88,"Aug 21, 2025 17:22:40","Aug 22, 2025 02:35:06",1.80988198,0.033,20.78145022,1.854,284.13859586,0.894,Mass,0.17,0.0,4104.0,2228.0,89.623,1.178,3.8,6329.0,1.756,1.458,0.366,4.196,26.632936,2.700389,194.459,8.243,514.0,338.0
WASP-76 b,WASP-76,PhaseC,GO 5268,Archived,NASA 6.5m James Webb Space Telescope (JWST),NIRSpec,BOTS,G395H,59.43,"Jan 2, 2025 23:58:09","Jan 5, 2025 03:40:48",1.80988198,0.033,20.78145022,1.854,284.13859586,0.894,Mass,0.17,0.0,4104.0,2228.0,89.623,1.178,3.8,6329.0,1.756,1.458,0.366,4.196,26.632936,2.700389,194.459,8.243,514.0,338.0
WASP-63 b,WASP-63,Transit,GO 5924,Archived,NASA 6.5m James Webb Space Telescope (JWST),NIRSpec,BOTS,G395H,14.34,"Jan 31, 2025 01:46:54","Jan 31, 2025 14:49:14",4.37808,0.0574,15.80469,1.41,117.5971,0.37,Mass,0.173,0.0,1103.2708,1469.91,87.8,0.61,5.3900978,5550.0,1.86,1.28,0.08,4.01,94.3363562,-38.3233826,290.684,9.393,178.0,62.5
WASP-69 b,WASP-69,Transit,GO 5924,Archived,NASA 6.5m James Webb Space Telescope (JWST),NIRISS,SOSS,N/A,7.03,"May 4, 2025 22:24:35","May 5, 2025 05:09:17",3.86813881,0.0453,11.21,1.0,82.58,0.26,Mass,0.291,0.0,180.5564,971.0,86.79,1.72599935,2.1869,4792.0,0.801,0.83,0.35,4.57,315.0259661,-5.094857,49.9605,7.459,735.0,223.0
WASP-76 b,WASP-76,Transit,GO 6045,Archived,NASA 6.5m James Webb Space Telescope (JWST),MIRI,LRS,N/A,10.22,"Jul 21, 2025 23:17:35","Jul 22, 2025 08:20:54",1.80988198,0.033,20.78145022,1.854,284.13859586,0.894,Mass,0.17,0.0,4104.0,2228.0,89.623,1.178,3.8,6329.0,1.756,1.458,0.366,4.196,26.632936,2.700389,194.459,8.243,514.0,338.0
WASP-6 b,WASP-6,Transit,GO 5924,Skipped,NASA 6.5m James Webb Space Telescope (JWST),NIRSpec,BOTS,PRISM,8.19,N/A,N/A,3.3610026,0.04217,12.5428494,1.119,148.42586607,0.467,Mass,0.440298,0.054,288.0,1167.0,89.0,2.40817811,2.5685869,5438.0,0.79,0.854,-0.15,4.565,348.1571282,-22.6741248,197.119,10.325,201.0,95.8
WASP-6 b,WASP-6,Transit,GO 5924,Archived,NASA 6.5m James Webb Space Telescope (JWST),NIRSpec,BOTS,PRISM,8.19,"Oct 16, 2025 19:38:45","Oct 17, 2025 03:22:44",3.3610026,0.04217,12.5428494,1.119,148.42586607,0.467,Mass,0.440298,0.054,288.0,1167.0,89.0,2.40817811,2.5685869,5438.0,0.79,0.854,-0.15,4.565,348.1571282,-22.6741248,197.119,10.325,201.0,95.8
GJ 3470 b,GJ 3470,Transit,GTO 4536,Archived,NASA 6.5m James Webb Space Telescope (JWST),NIRSpec,BOTS,G395H,7.06,"Mar 7, 2025 01:47:14","Mar 7, 2025 08:32:40",3.3366496,0.0355,4.57,0.40770809,13.9,0.04373407,Mass,0.8,0.017,29.6584,593.5,89.13,0.67658704,1.8984,3600.0,0.547,0.539,0.2,4.695,119.7735021,15.391209,29.4214,7.989,273.0,25.0
AU Mic b,AU Mic,Transit,GO 5311,Archived,NASA 6.5m James Webb Space Telescope (JWST),NIRCam,GTS,GRISMR+F322W2,12.71,"May 14, 2025 08:13:37","May 14, 2025 19:22:23",8.463446,0.07,4.79,0.42733591,8.99,0.0282857,Mass,0.49,0.07,21.2,554.8,88.39,0.249,3.24,3540.0,0.862,0.635,0.01,4.37,311.2911369,-31.34245,9.7221,4.529,859.0,44.8
AU Mic b,AU Mic,Transit,GO 5311,Archived,NASA 6.5m James Webb Space Telescope (JWST),NIRCam,GTS,GRISMR+F444W,12.7,"May 22, 2025 18:21:03","May 23, 2025 05:55:49",8.463446,0.07,4.79,0.42733591,8.99,0.0282857,Mass,0.49,0.07,21.2,554.8,88.39,0.249,3.24,3540.0,0.862,0.635,0.01,4.37,311.2911369,-31.34245,9.7221,4.529,859.0,44.8
AU Mic b,AU Mic,Transit,GO 5311,Archived,NASA 6.5m James Webb Space Telescope (JWST),NIRCam,GTS,GRISMR+F444W,12.72,"May 31, 2025 05:26:20","May 31, 2025 17:01:43",8.463446,0.07,4.79,0.42733591,8.99,0.0282857,Mass,0.49,0.07,21.2,554.8,88.39,0.249,3.24,3540.0,0.862,0.635,0.01,4.37,311.2911369,-31.34245,9.7221,4.529,859.0,44.8
AU Mic b,AU Mic,Transit,GO 5311,Archived,NASA 6.5m James Webb Space Telescope (JWST),NIRCam,GTS,GRISMR+F322W2,12.72,"Jun 8, 2025 16:32:20","Jun 9, 2025 04:08:08",8.463446,0.07,4.79,0.42733591,8.99,0.0282857,Mass,0.49,0.07,21.2,554.8,88.39,0.249,3.24,3540.0,0.862,0.635,0.01,4.37,311.2911369,-31.34245,9.7221,4.529,859.0,44.8
TOI-1075 b,TOI-1075,Eclipse,GO 4818,Archived,NASA 6.5m James Webb Space Telescope (JWST),MIRI,LRS,N/A,5.3,"Jun 15, 2025 04:50:13","Jun 15, 2025 10:04:35",0.6047328,0.01159,1.791,0.15978259,9.95,0.0313062,Mass,9.32,0.0,509.2,1323.0,84.67,0.10276833,1.0702171,3875.0,0.581,0.604,-0.08,4.69,309.9712091,-65.4496994,61.4592,9.115,29.4,12.1
NGTS-2 b,NGTS-2,Transit,GO 5924,Archived,NASA 6.5m James Webb Space Telescope (JWST),NIRISS,SOSS,N/A,11.86,"Jun 27, 2025 00:26:44","Jun 27, 2025 10:56:32",4.511164,0.063,17.878355,1.595,235.1942,0.74,Mass,0.226,0.0,1085.35,1468.0,88.5,1.117,4.651,6478.0,1.702,1.64,-0.06,4.197,215.1227617,-31.2020698,356.391,9.799,138.0,66.0
GJ 806 b,GJ 806,Eclipse,GO 4931,Archived,NASA 6.5m James Webb Space Telescope (JWST),MIRI,LRS,N/A,4.99,"Jun 12, 2025 13:33:54","Jun 12, 2025 18:31:48",0.9263237,0.01406,1.331,0.11874407,1.9,0.00597807,Mass,4.4,,130.0,940.0,87.7,0.0952,0.93,3600.0,0.4144,0.413,-0.28,4.98,311.2697002,44.5002351,12.0445,6.533,44.2,24.0
GJ 9827 b,GJ 9827,Eclipse,GO 4818,Archived,NASA 6.5m James Webb Space Telescope (JWST),MIRI,LRS,N/A,5.65,"Jun 13, 2025 19:28:47","Jun 14, 2025 00:13:47",1.208974,0.0189,1.44,0.12846842,4.28,0.01346639,Mass,7.858,0.0,318.0,1035.01,87.6,0.0586,1.25976,4236.0,0.58,0.62,-0.29,4.719,351.7717763,-1.2853435,29.661,7.193,10.3,10.6
WASP-39 b,WASP-39,Eclipse,GO 5634,Archived,NASA 6.5m James Webb Space Telescope (JWST),NIRSpec,BOTS,G395H,7.98,"Jun 13, 2025 04:40:08","Jun 13, 2025 12:05:50",4.0552941,0.04828,14.336311,1.279,89.31023,0.281,Mass,0.167,0.0,316.269,1166.0,87.32,2.34348052,2.8032,5485.0,0.939,0.913,0.01,4.453,217.3266477,-3.4444994,213.982,10.202,370.0,92.6
WASP-19 b,WASP-19,Transit,GO 5924,Archived,NASA 6.5m James Webb Space Telescope (JWST),NIRSpec,BOTS,PRISM,5.93,"Mar 22, 2025 10:21:19","Mar 22, 2025 16:08:21",0.78883852,0.01652,15.86070769,1.415,366.77398168,1.154,Mass,0.506,0.0126,3320.0,2113.0,79.08,2.077,1.607,5616.0,1.006,0.965,0.04,4.417,148.4167672,-45.6591078,268.325,10.481,172.0,228.0
GJ 486 b,GJ 486,Transit,GO 5866,Archived,NASA 6.5m James Webb Space Telescope (JWST),NIRISS,SOSS,N/A,5.22,"Jun 1, 2025 12:29:38","Jun 1, 2025 16:52:12",1.46712127,0.01714,1.289,0.11499708,2.77,0.00871539,Mass,6.66,0.00086,39.2,696.3,89.39,0.13871,1.0158,3317.0,0.3243,0.312,-0.15,4.9111,191.981531,9.7494181,8.07426,6.362,35.4,21.2
HAT-P-1 b,HAT-P-1,Transit,GO 5924,Archived,NASA 6.5m James Webb Space Telescope (JWST),NIRSpec,BOTS,G395H,8.76,"Nov 18, 2024 12:08:51","Nov 18, 2024 20:22:00",4.46529976,0.05561,14.784671,1.319,166.86075,0.525,Mass,0.282,0.0,259.687,1322.0,85.634,1.444,2.85,5980.0,1.174,1.151,0.13,4.359,344.4453632,38.674919,158.979,8.858,315.0,134.0
HAT-P-11 b,HAT-P-11,Transit,GO 5924,Archived,NASA 6.5m James Webb Space Telescope (JWST),NIRISS,SOSS,N/A,7.78,"Aug 8, 2025 18:53:57","Aug 9, 2025 02:17:28",4.888,0.05258,4.36,0.38897315,25.0,0.0787,Mass,1.172,0.251,100.77,838.0,89.027,0.43421,2.35562,4653.0,0.683,0.811,0.31,4.663,297.7101763,48.0818635,37.7647,7.009,206.0,42.4
HD 3167 b,HD 3167,Eclipse,GO 4818,Archived,NASA 6.5m James Webb Space Telescope (JWST),MIRI,LRS,N/A,6.0,"Jun 28, 2025 16:31:30","Jun 28, 2025 22:21:47",0.95965451,0.01814,1.601,0.1428319,4.844,0.01524093,Mass,6.49,0.0,1650.0,1781.0,87.8,0.02884,1.636,5338.0,0.871,0.864,0.037,4.504,8.7401487,4.3807215,47.2899,7.066,77.5,12.2
HD 207496 b,HD 207496,Transit,GO 6284,Archived,NASA 6.5m James Webb Space Telescope (JWST),NIRCam,GTS,GRISMR+F322W2,6.94,"Aug 25, 2025 10:57:17","Aug 25, 2025 17:17:17",6.441008,0.0629,2.25,0.2007319,6.1,0.01919275,Mass,3.17,0.231,72.9,743.0,88.79,0.0914,1.762,4819.0,0.769,0.8,0.095,4.507,328.7181708,-77.3388025,23.606,5.967,143.0,10.2
HD 207496 b,HD 207496,Transit,GO 6284,Archived,NASA 6.5m James Webb Space Telescope (JWST),NIRCam,GTS,GRISMR+F444W,6.93,"Jul 4, 2025 21:59:10","Jul 5, 2025 04:35:36",6.441008,0.0629,2.25,0.2007319,6.1,0.01919275,Mass,3.17,0.231,72.9,743.0,88.79,0.0914,1.762,4819.0,0.769,0.8,0.095,4.507,328.7181708,-77.3388025,23.606,5.967,143.0,10.2
HD 222259 b,"",Transit,GO 6670,Archived,NASA 6.5m James Webb Space Telescope (JWST),NIRSpec,BOTS,G395H,7.42,"Jul 22, 2025 21:14:07","Jul 23, 2025 03:47:50",,,,,,,"",,,,,,,,,,,,,,,,,,
HD 20329 b,HD 20329,Eclipse,GO 4818,Archived,NASA 6.5m James Webb Space Telescope (JWST),MIRI,LRS,N/A,5.59,"Aug 25, 2025 21:12:46","Aug 26, 2025 02:41:59",0.926118,0.018,1.72,0.15344839,7.42,0.02334593,Mass,8.06,0.0,3474.0,2141.0,76.01,0.0221,1.26,5596.0,1.13,0.9,-0.07,4.4,49.178124,15.6563542,63.6796,7.116,46.0,10.2
HD 207496 b,HD 207496,Transit,GO 6284,Skipped,NASA 6.5m James Webb Space Telescope (JWST),NIRCam,GTS,GRISMR+F322W2,6.94,N/A,N/A,6.441008,0.0629,2.25,0.2007319,6.1,0.01919275,Mass,3.17,0.231,72.9,743.0,88.79,0.0914,1.762,4819.0,0.769,0.8,0.095,4.507,328.7181708,-77.3388025,23.606,5.967,143.0,10.2
WASP-80 b,WASP-80,Transit,GO 5924,Archived,NASA 6.5m James Webb Space Telescope (JWST),NIRISS,SOSS,N/A,7.25,"Oct 20, 2024 19:27:30","Oct 21, 2024 01:51:39",3.06785234,0.0344,11.197791,0.999,170.99254,0.538,Mass,0.717,0.002,72.442,825.0,89.02,2.937,2.131,4143.0,0.586,0.577,-0.13,4.663,303.1667996,-2.1444369,49.7876,8.351,325.0,228.0
LTT 1445 A b,LTT 1445 A,Transit,GO 7251,Flight Ready,NASA 6.5m James Webb Space Telescope (JWST),NIRCam,GTS,GRISMR+F322W2,5.8,N/A,N/A,5.3587635,0.0381,1.34,0.119547,2.73,0.00858954,Mass,6.2,0.18,5.7,431.0,89.53,0.23,1.366,3562.0,0.271,0.257,-0.34,4.97389,45.4624781,-16.5944956,6.86929,6.496,34.2,5.6
LP 890-9 c,LP 890-9,Transit,GO 7073,Skipped,NASA 6.5m James Webb Space Telescope (JWST),NIRSpec,BOTS,PRISM,5.58,N/A,N/A,8.457463,0.03984,1.367,0.12195578,25.3,0.0796027,Mass,,,0.906,272.0,89.287,0.6659,0.9593,2850.0,0.1556,0.118,-0.028,5.126,64.1309096,-28.3157909,32.4298,11.344,0.8,0.2
LP 890-9 c,LP 890-9,Transit,GO 7073,Archived,NASA 6.5m James Webb Space Telescope (JWST),NIRSpec,BOTS,PRISM,5.58,"Oct 18, 2025 06:22:48","Oct 18, 2025 11:51:49",8.457463,0.03984,1.367,0.12195578,25.3,0.0796027,Mass,,,0.906,272.0,89.287,0.6659,0.9593,2850.0,0.1556,0.118,-0.028,5.126,64.1309096,-28.3157909,32.4298,11.344,0.8,0.2
LP 890-9 c,LP 890-9,Transit,GO 7073,Archived,NASA 6.5m James Webb Space Telescope (JWST),NIRSpec,BOTS,PRISM,5.6,"Sep 4, 2026 15:38:05","Sep 4, 2026 21:07:19",8.457463,0.03984,1.367,0.12195578,25.3,0.0796027,Mass,,,0.906,272.0,89.287,0.6659,0.9593,2850.0,0.1556,0.118,-0.028,5.126,64.1309096,-28.3157909,32.4298,11.344,0.8,0.2
LTT 1445 A b,LTT 1445 A,Transit,GO 7073,Archived,NASA 6.5m James Webb Space Telescope (JWST),NIRISS,SOSS,N/A,6.22,"Jan 24, 2026 14:54:59","Jan 24, 2026 20:58:14",5.3587635,0.0381,1.34,0.119547,2.73,0.00858954,Mass,6.2,0.18,5.7,431.0,89.53,0.23,1.366,3562.0,0.271,0.257,-0.34,4.97389,45.4624781,-16.5944956,6.86929,6.496,34.2,5.6
LTT 1445 A b,LTT 1445 A,Transit,GO 7251,Flight Ready,NASA 6.5m James Webb Space Telescope (JWST),NIRCam,GTS,GRISMR+F322W2,5.8,N/A,N/A,5.3587635,0.0381,1.34,0.119547,2.73,0.00858954,Mass,6.2,0.18,5.7,431.0,89.53,0.23,1.366,3562.0,0.271,0.257,-0.34,4.97389,45.4624781,-16.5944956,6.86929,6.496,34.2,5.6
LTT 1445 A b,LTT 1445 A,Transit,GO 7073,Archived,NASA 6.5m James Webb Space Telescope (JWST),NIRSpec,BOTS,G395H,5.44,"Jan 3, 2026 05:08:23","Jan 3, 2026 10:23:50",5.3587635,0.0381,1.34,0.119547,2.73,0.00858954,Mass,6.2,0.18,5.7,431.0,89.53,0.23,1.366,3562.0,0.271,0.257,-0.34,4.97389,45.4624781,-16.5944956,6.86929,6.496,34.2,5.6
LTT 1445 A c,LTT 1445 A,Transit,GO 7073,Archived,NASA 6.5m James Webb Space Telescope (JWST),NIRSpec,BOTS,G395H,4.45,"Sep 14, 2025 22:02:28","Sep 15, 2025 02:59:02",3.1239035,0.02661,1.147,0.10232866,1.54,0.00484538,Mass,5.57,0.223,10.9,508.0,87.43,0.157,0.482,3340.0,0.265,0.257,-0.34,4.97389,45.4624781,-16.5944956,6.86929,6.496,46.8,8.8
LTT 1445 A c,LTT 1445 A,Transit,GO 7073,Archived,NASA 6.5m James Webb Space Telescope (JWST),NIRSpec,BOTS,G395H,5.16,"Aug 5, 2026 19:16:42","Aug 6, 2026 00:23:50",3.1239035,0.02661,1.147,0.10232866,1.54,0.00484538,Mass,5.57,0.223,10.9,508.0,87.43,0.157,0.482,3340.0,0.265,0.257,-0.34,4.97389,45.4624781,-16.5944956,6.86929,6.496,46.8,8.8
LP 890-9 c,LP 890-9,Transit,GO 7073,Archived,NASA 6.5m James Webb Space Telescope (JWST),NIRSpec,BOTS,PRISM,5.58,"Sep 14, 2025 10:54:28","Sep 14, 2025 15:59:01",8.457463,0.03984,1.367,0.12195578,25.3,0.0796027,Mass,,,0.906,272.0,89.287,0.6659,0.9593,2850.0,0.1556,0.118,-0.028,5.126,64.1309096,-28.3157909,32.4298,11.344,0.8,0.2
WASP-84 b,WASP-84,Transit,GO 9025,Flight Ready,NASA 6.5m James Webb Space Telescope (JWST),NIRSpec,BOTS,G395H,8.99,N/A,N/A,8.52349648,0.0778,10.72,0.956,220.0,0.692,Mass,0.98,0.0,34.6952,732.0,88.292,1.723,2.76,5280.0,0.768,0.853,0.0,4.598,131.1069959,1.8598933,100.588,8.855,108.0,53.0
55 Cnc e,55 Cnc,Eclipse,GO 7875,Flight Ready,NASA 6.5m James Webb Space Telescope (JWST),MIRI,MRS,N/A,6.62,N/A,N/A,0.7365474,0.01544,1.875,0.1672763,7.99,0.02513923,Mass,6.66,0.05,2657.8322,1958.0,83.59,0.03846733,1.5439,5172.0,0.943,0.905,0.35,4.43,133.1468373,28.3298154,12.5855,4.015,255.0,70.1
55 Cnc e,55 Cnc,Eclipse,GO 7875,Archived,NASA 6.5m James Webb Space Telescope (JWST),MIRI,MRS,N/A,6.61,"Apr 25, 2026 03:10:01","Apr 25, 2026 09:17:11",0.7365474,0.01544,1.875,0.1672763,7.99,0.02513923,Mass,6.66,0.05,2657.8322,1958.0,83.59,0.03846733,1.5439,5172.0,0.943,0.905,0.35,4.43,133.1468373,28.3298154,12.5855,4.015,255.0,70.1
WD 1856+534 b,WD 1856+534,Transit,GO 9033,Archived,NASA 6.5m James Webb Space Telescope (JWST),NIRSpec,BOTS,PRISM,3.38,"Oct 22, 2025 22:16:11","Oct 23, 2025 01:22:15",1.4079405,0.0204,10.4,0.92782585,4386.054,13.8,Mass,21.4,0.0,0.181,163.0,88.778,56.65,0.1333,4710.0,0.0131,0.518,,7.915,284.415675,53.5090244,24.7359,15.548,205.0,2.0
WASP-25 b,WASP-25,Transit,GO 9025,Archived,NASA 6.5m James Webb Space Telescope (JWST),NIRSpec,BOTS,G395H,8.89,"May 28, 2026 19:39:26","May 29, 2026 03:59:42",3.7648337,0.0473,13.80946422,1.232,179.25522155,0.564,Mass,0.399185,0.0,341.0,1217.0,88.19,2.22571184,2.759996,5697.0,0.884,0.962,-0.2,4.529,195.3597581,-27.5222273,211.416,10.174,200.0,102.0
WASP-193 b,WASP-193,Transit,GO 9101,Archived,NASA 6.5m James Webb Space Telescope (JWST),NIRSpec,BOTS,G235M,12.23,"Apr 30, 2026 03:46:05","Apr 30, 2026 14:58:47",6.2463475,0.0668,14.78464554,1.319,35.59678158,0.112,Mass,0.06,0.081,402.0,1250.0,89.25,1.248,4.2559,6080.0,1.213,1.018,-0.108,4.28,164.3491401,-29.9971229,362.087,10.745,572.0,46.4
